Rk,Name,Age,Tm,Lg,W,L,W-L%,ERA,G,GS,GF,CG,SHO,SV,IP,H,R,ER,HR,BB,IBB,SO,HBP,BK,WP,BF,ERA+,FIP,WHIP,H9,HR9,BB9,SO9,SO/W
1,Jason Adam,26,KCR,AL,0,3,0,6.12,31,0,14,0,0,0,32.1,30,22,22,9,15,1,37,3,1,4,142,71,6.16,1.392,8.4,2.5,4.2,10.3,2.47
2,Austin Adams,27,WSN,NL,0,0,,0,2,0,0,0,0,0,1,1,0,0,0,3,0,0,0,0,0,7,,12.16,4,9,0,27,0,0
3,Chance Adams,23,NYY,AL,0,1,0,7.04,3,1,1,0,0,0,7.2,8,7,6,3,4,0,4,0,0,0,34,64,8.77,1.565,9.4,3.5,4.7,4.7,1
4,Matt Albers,35,MIL,NL,3,3,0.5,7.34,34,0,10,0,0,1,34.1,45,29,28,10,12,2,32,2,0,1,157,57,6.31,1.66,11.8,2.6,3.1,8.4,2.67
5,Sandy Alcantara,22,MIA,NL,2,3,0.4,3.44,6,6,0,0,0,0,34,25,13,13,3,23,0,30,2,0,0,146,108,4.75,1.412,6.6,0.8,6.1,7.9,1.3
6,Victor Alcantara,25,DET,AL,1,1,0.5,2.4,27,0,8,0,0,0,30,25,8,8,5,6,0,21,0,0,2,119,185,4.53,1.033,7.5,1.5,1.8,6.3,3.5
7,Scott Alexander,28,LAD,NL,2,1,0.667,3.68,73,1,8,0,0,3,66,57,28,27,4,27,2,56,2,0,2,268,107,3.57,1.273,7.8,0.5,3.7,7.6,2.07
8,Kolby Allard,20,ATL,NL,1,1,0.5,12.38,3,1,0,0,0,0,8,19,12,11,3,4,0,3,1,1,0,47,34,9.16,2.875,21.4,3.4,4.5,3.4,0.75
9,Cody Allen,29,CLE,AL,4,6,0.4,4.7,70,0,45,0,0,27,67,58,35,35,11,33,2,80,4,0,3,289,94,4.56,1.358,7.8,1.5,4.4,10.7,2.42
10,Miguel Almonte,25,LAA,AL,0,0,,10.29,8,0,4,0,0,0,7,9,8,8,1,3,0,7,1,0,1,34,43,4.73,1.714,11.6,1.3,3.9,9,2.33
11,Yency Almonte,24,COL,NL,0,0,,1.84,14,0,3,0,0,0,14.2,15,5,3,1,4,0,14,0,0,1,60,262,2.96,1.295,9.2,0.6,2.5,8.6,3.5
12,Dan Altavilla,25,SEA,AL,3,2,0.6,2.61,22,0,3,0,0,0,20.2,11,7,6,2,15,0,23,2,0,4,85,156,4.66,1.258,4.8,0.9,6.5,10,1.53
13,Jose Alvarado,23,TBR,AL,1,6,0.143,2.39,70,0,17,0,0,8,64,42,21,17,1,29,4,80,1,0,2,263,174,2.27,1.109,5.9,0.1,4.1,11.3,2.76
14,Jose Alvarez,29,LAA,AL,6,4,0.6,2.71,76,0,5,0,0,1,63,51,20,19,3,22,2,59,2,0,1,261,157,3.05,1.159,7.3,0.4,3.1,8.4,2.68
15,Brett Anderson,30,OAK,AL,4,5,0.444,4.48,17,17,0,0,0,0,80.1,90,42,40,10,13,0,47,2,0,3,333,92,4.17,1.282,10.1,1.1,1.5,5.3,3.62
16,Chase Anderson,30,MIL,NL,9,8,0.529,3.93,30,30,0,0,0,0,158,131,71,69,30,57,0,128,7,0,1,644,105,5.22,1.19,7.5,1.7,3.2,7.3,2.25
17,Drew Anderson,24,PHI,NL,0,1,0,4.97,5,1,1,0,0,0,12.2,17,7,7,0,2,0,11,2,0,0,59,87,2.37,1.5,12.1,0,1.4,7.8,5.5
18,Justin Anderson,25,LAA,AL,3,3,0.5,4.07,57,0,10,0,0,4,55.1,42,25,25,3,40,3,67,4,1,9,241,105,3.83,1.482,6.8,0.5,6.5,10.9,1.68
19,Tanner Anderson,25,PIT,NL,1,0,1,6.35,6,0,1,0,0,0,11.1,15,10,8,1,8,2,6,1,0,2,56,64,5.63,2.029,11.9,0.8,6.4,4.8,0.75
20,Tyler Anderson,28,COL,NL,7,9,0.438,4.55,32,32,0,0,0,0,176,165,94,89,30,59,1,164,3,2,9,737,104,4.57,1.273,8.4,1.5,3,8.4,2.78
21,Matt Andriese,28,TOT,MLB,3,7,0.3,5.26,41,5,13,0,0,0,78.2,84,51,46,15,25,5,78,2,0,3,340,80,4.69,1.386,9.6,1.7,2.9,8.9,3.12
24,Victor Arano,23,PHI,NL,1,2,0.333,2.73,60,0,14,0,0,3,59.1,54,19,18,6,17,4,60,1,0,1,246,154,3.36,1.197,8.2,0.9,2.6,9.1,3.53
25,Pedro Araujo,24,BAL,AL,1,3,0.25,7.71,20,0,8,0,0,0,28,29,24,24,9,18,0,29,2,0,1,130,56,7.41,1.679,9.3,2.9,5.8,9.3,1.61
26,Chris Archer,29,TOT,MLB,6,8,0.429,4.31,27,27,0,0,0,0,148.1,155,77,71,19,49,3,162,6,0,6,638,95,3.75,1.375,9.4,1.2,3,9.8,3.31
29,Francisco Arcia,28,LAA,AL,0,0,,9,2,0,2,0,0,0,3,5,3,3,2,0,0,0,0,0,0,13,53,11.83,1.667,15,6,0,0,
30,Shawn Armstrong,27,SEA,AL,0,1,0,1.23,14,0,3,0,0,1,14.2,9,2,2,1,3,1,15,3,0,0,57,336,3.23,0.818,5.5,0.6,1.8,9.2,5
31,Jake Arrieta,32,PHI,NL,10,11,0.476,3.96,31,31,0,0,0,0,172.2,165,93,76,21,57,0,138,7,1,11,724,106,4.26,1.286,8.6,1.1,3,7.2,2.42
32,Alec Asher,26,MIL,NL,0,0,,0,2,0,1,0,0,0,3,2,0,0,0,1,0,2,0,0,0,13,,2.83,1,6,0,3,6,2
33,Willians Astudillo,26,MIN,AL,0,0,,45,1,0,1,0,0,0,1,5,5,5,2,0,0,0,0,0,0,8,13,29.16,5,45,18,0,0,
34,Alex Avila,31,ARI,NL,0,0,,0,1,0,1,0,0,0,2,1,0,0,0,0,0,0,0,0,0,7,,3.16,0.5,4.5,0,0,0,
35,Luis Avilan,28,TOT,MLB,2,1,0.667,3.77,70,0,8,0,0,2,45.1,44,22,19,3,18,3,51,2,0,2,197,114,3.09,1.368,8.7,0.6,3.6,10.1,2.83
38,John Axford,35,TOT,MLB,4,1,0.8,5.27,50,1,12,0,0,0,54.2,52,35,32,6,22,1,54,3,0,6,233,80,3.98,1.354,8.6,1,3.6,8.9,2.45
41,Pedro Baez,30,LAD,NL,4,3,0.571,2.88,55,0,8,0,0,0,56.1,46,19,18,4,23,2,62,1,1,0,237,137,3.16,1.225,7.3,0.6,3.7,9.9,2.7
42,Sandy Baez,24,DET,AL,0,0,,5.02,9,0,0,0,0,0,14.1,12,12,8,2,9,1,10,2,0,1,66,90,5.88,1.465,7.5,1.3,5.7,6.3,1.11
43,Homer Bailey,32,CIN,NL,1,14,0.067,6.09,20,20,0,1,0,0,106.1,141,82,72,23,33,9,75,2,1,2,494,70,5.55,1.636,11.9,1.9,2.8,6.3,2.27
44,Anthony Banda,24,TBR,AL,1,0,1,3.68,3,1,1,0,0,0,14.2,12,6,6,1,3,0,10,0,0,0,56,115,3.3,1.023,7.4,0.6,1.8,6.1,3.33
45,Johnny Barbato,25,DET,AL,0,0,,12.15,7,0,4,0,0,0,6.2,11,9,9,3,5,1,2,1,0,2,36,38,11.11,2.4,14.9,4.1,6.8,2.7,0.4
46,Luke Bard,27,LAA,AL,0,0,,5.4,8,0,3,0,0,0,11.2,10,7,7,4,5,1,13,3,0,1,53,81,7.45,1.286,7.7,3.1,3.9,10,2.6
47,Scott Barlow,25,KCR,AL,1,1,0.5,3.6,6,0,3,0,0,0,15,16,7,6,2,3,0,15,0,0,0,65,123,3.49,1.267,9.6,1.2,1.8,9,5
48,Danny Barnes,28,TOR,AL,3,3,0.5,5.71,47,0,6,0,0,0,41,47,28,26,6,22,1,38,1,0,0,191,74,4.89,1.683,10.3,1.3,4.8,8.3,1.73
49,Jacob Barnes,28,MIL,NL,0,1,0,3.33,49,0,19,0,0,2,48.2,51,24,18,4,23,2,47,0,0,4,217,124,3.72,1.521,9.4,0.7,4.3,8.7,2.04
50,Matt Barnes,28,BOS,AL,6,4,0.6,3.65,62,0,8,0,0,0,61.2,47,25,25,5,31,1,96,2,0,8,265,120,2.71,1.265,6.9,0.7,4.5,14,3.1
51,Tony Barnette,34,TEX,AL,2,0,1,2.39,22,0,5,0,0,0,26.1,19,11,7,2,5,0,26,2,0,0,104,201,2.97,0.911,6.5,0.7,1.7,8.9,5.2
52,Kyle Barraclough,28,MIA,NL,1,6,0.143,4.2,61,0,25,0,0,10,55.2,40,27,26,8,34,3,60,5,0,4,245,88,4.98,1.329,6.5,1.3,5.5,9.7,1.76
53,Jake Barrett,26,ARI,NL,0,1,0,5.14,7,0,5,0,0,0,7,8,4,4,1,2,0,6,0,0,1,30,87,4.16,1.429,10.3,1.3,2.6,7.7,3
54,Jaime Barria,21,LAA,AL,10,9,0.526,3.41,26,26,0,0,0,0,129.1,117,50,49,17,47,0,98,6,1,3,537,124,4.58,1.268,8.1,1.2,3.3,6.8,2.09
55,Tyler Bashlor,25,NYM,NL,0,3,0,4.22,24,0,6,0,0,0,32,26,16,15,6,12,0,25,3,0,1,135,88,5.44,1.188,7.3,1.7,3.4,7,2.08
56,Anthony Bass,30,CHC,NL,0,0,,2.93,16,0,3,0,0,0,15.1,18,6,5,1,3,0,14,0,0,2,62,145,2.77,1.37,10.6,0.6,1.8,8.2,4.67
57,Chris Bassitt,29,OAK,AL,2,3,0.4,3.02,11,7,0,0,0,0,47.2,40,21,16,4,19,0,41,4,0,2,204,137,3.98,1.238,7.6,0.8,3.6,7.7,2.16
58,Trevor Bauer,27,CLE,AL,12,6,0.667,2.21,28,27,1,0,0,1,175.1,134,51,43,9,57,2,221,9,0,12,717,200,2.44,1.089,6.9,0.5,2.9,11.3,3.88
59,Buddy Baumann,30,TOT,NL,0,2,0,27,4,0,1,0,0,0,3.1,9,13,10,1,7,2,4,0,0,0,27,17,10.96,4.8,24.3,2.7,18.9,10.8,0.57
62,Gerson Bautista,23,NYM,NL,0,1,0,12.46,5,0,5,0,0,0,4.1,8,6,6,2,5,0,3,0,0,1,25,32,11.24,3,16.6,4.2,10.4,6.2,0.6
63,Chris Beck,27,TOT,MLB,0,0,,4.5,20,0,9,0,0,1,34,34,17,17,8,20,0,21,1,0,1,148,92,6.84,1.588,9,2.1,5.3,5.6,1.05
66,Cam Bedrosian,26,LAA,AL,5,4,0.556,3.8,71,0,7,0,0,1,64,63,30,27,7,26,0,57,2,0,1,271,112,4.11,1.391,8.9,1,3.7,8,2.19
67,Tyler Beede,25,SFG,NL,0,1,0,8.22,2,2,0,0,0,0,7.2,9,7,7,0,8,0,9,1,0,0,40,49,4.33,2.217,10.6,0,9.4,10.6,1.13
68,Jalen Beeks,24,TOT,AL,5,1,0.833,5.51,14,1,0,0,0,0,50.2,52,31,31,6,24,0,42,3,0,0,223,77,4.64,1.5,9.2,1.1,4.3,7.5,1.75
71,Matt Belisle,38,TOT,AL,1,1,0.5,7.86,33,0,14,0,0,0,34.1,49,32,30,6,11,1,25,3,0,1,162,56,5.2,1.748,12.8,1.6,2.9,6.6,2.27
74,Jeff Beliveau,31,CLE,AL,0,0,,11.57,9,0,2,0,0,1,4.2,7,6,6,2,5,0,2,1,0,0,26,41,11.73,2.571,13.5,3.9,9.6,3.9,0.4
75,Chad Bell,29,DET,AL,0,1,0,8.59,3,0,0,0,0,0,7.1,14,7,7,1,2,1,7,0,0,0,36,54,3.84,2.182,17.2,1.2,2.5,8.6,3.5
76,Christian Bergman,30,SEA,AL,0,1,0,5.79,3,2,0,0,0,0,14,12,9,9,4,3,0,7,0,0,0,57,71,6.52,1.071,7.7,2.6,1.9,4.5,2.33
77,Jose Berrios,24,MIN,AL,12,11,0.522,3.84,32,32,0,2,1,0,192.1,159,83,82,25,61,1,202,13,0,2,797,113,3.9,1.144,7.4,1.2,2.9,9.5,3.31
78,Dellin Betances,30,NYY,AL,4,6,0.4,2.7,66,0,15,0,0,4,66.2,44,22,20,7,26,2,115,5,1,4,272,161,2.47,1.05,5.9,0.9,3.5,15.5,4.42
79,Chad Bettis,29,COL,NL,5,2,0.714,5.01,27,20,2,0,0,0,120.1,121,72,67,18,47,3,80,5,1,3,518,94,5.07,1.396,9,1.3,3.5,6,1.7
80,Joe Biagini,28,TOR,AL,4,7,0.364,6,50,4,7,0,0,0,72,96,50,48,14,24,0,53,6,0,8,328,70,5.47,1.667,12,1.8,3,6.6,2.21
81,Austin Bibens-Dirkx,33,TEX,AL,2,3,0.4,6.2,13,6,4,0,0,0,45,56,33,31,9,14,0,33,5,0,2,203,77,5.56,1.556,11.2,1.8,2.8,6.6,2.36
82,Jesse Biddle,26,ATL,NL,6,1,0.857,3.11,60,0,14,0,0,1,63.2,50,26,22,6,31,5,67,3,0,2,266,130,3.88,1.272,7.1,0.8,4.4,9.5,2.16
83,Shane Bieber,23,CLE,AL,11,5,0.688,4.55,20,19,0,0,0,0,114.2,130,60,58,13,23,0,118,2,0,5,485,97,3.23,1.334,10.2,1,1.8,9.3,5.13
84,Ty Blach,27,SFG,NL,6,7,0.462,4.25,47,13,13,0,0,0,118.2,133,62,56,8,41,4,75,1,1,1,512,90,3.84,1.466,10.1,0.6,3.1,5.7,1.83
85,Ray Black,28,SFG,NL,2,2,0.5,6.17,26,0,4,0,0,0,23.1,17,16,16,4,10,0,33,1,0,1,95,63,3.98,1.157,6.6,1.5,3.9,12.7,3.3
86,Paul Blackburn,24,OAK,AL,2,3,0.4,7.16,6,6,0,0,0,0,27.2,33,23,22,2,6,0,19,2,0,1,119,58,3.59,1.41,10.7,0.7,2,6.2,3.17
87,Alex Blandino,25,CIN,NL,0,0,,0,1,0,1,0,0,0,1,1,0,0,0,0,0,2,0,0,1,4,,-0.84,1,9,0,0,18,
88,Jeremy Bleich,31,OAK,AL,0,0,,54,2,0,0,0,0,0,0.1,2,2,2,0,0,0,1,1,0,0,4,16,6.16,6,54,0,0,27,
89,Richard Bleier,31,BAL,AL,3,0,1,1.93,31,0,4,0,0,0,32.2,36,7,7,0,4,1,15,1,0,1,133,222,2.7,1.224,9.9,0,1.1,4.1,3.75
90,Jerry Blevins,34,NYM,NL,3,2,0.6,4.85,64,1,7,0,0,1,42.2,36,24,23,6,22,1,41,5,0,1,188,76,4.97,1.359,7.6,1.3,4.6,8.6,1.86
91,Ryan Borucki,24,TOR,AL,4,6,0.4,3.87,17,17,0,0,0,0,97.2,96,48,42,7,33,3,67,2,0,2,415,109,3.8,1.321,8.8,0.6,3,6.2,2.03
92,Matt Bowman,27,STL,NL,0,2,0,6.26,22,0,5,0,0,0,23,29,16,16,4,11,3,26,1,0,1,109,63,4.73,1.739,11.3,1.6,4.3,10.2,2.36
93,Brad Boxberger,30,ARI,NL,3,7,0.3,4.39,60,0,45,0,0,32,53.1,44,30,26,9,32,4,71,1,0,3,235,97,4.55,1.425,7.4,1.5,5.4,12,2.22
94,Matthew Boyd,27,DET,AL,9,13,0.409,4.39,31,31,0,0,0,0,170.1,146,87,83,27,51,0,159,11,2,6,709,101,4.45,1.157,7.7,1.4,2.7,8.4,3.12
95,Blaine Boyer,36,KCR,AL,2,1,0.667,12.05,21,0,8,0,0,1,21.2,32,33,29,7,13,3,9,0,0,0,109,36,8.33,2.077,13.3,2.9,5.4,3.7,0.69
96,Brad Brach,32,TOT,MLB,2,4,0.333,3.59,69,0,32,0,0,12,62.2,72,32,25,5,28,2,60,1,1,3,289,117,3.67,1.596,10.3,0.7,4,8.6,2.14
99,Silvino Bracho,25,ARI,NL,2,0,1,3.19,31,0,7,0,0,0,31,25,12,11,2,12,2,34,3,0,2,129,134,3.26,1.194,7.3,0.6,3.5,9.9,2.83
100,Chasen Bradford,28,SEA,AL,5,0,1,3.69,46,0,15,0,0,0,53.2,55,23,22,9,14,1,38,5,0,1,231,110,4.99,1.286,9.2,1.5,2.3,6.4,2.71
101,Archie Bradley,25,ARI,NL,4,5,0.444,3.64,76,0,8,0,0,3,71.2,62,30,29,9,20,1,75,4,1,2,296,117,3.71,1.144,7.8,1.1,2.5,9.4,3.75
102,Ryan Brasier,30,BOS,AL,2,0,1,1.6,34,0,5,0,0,0,33.2,19,6,6,2,7,0,29,0,0,1,124,274,2.83,0.772,5.1,0.5,1.9,7.8,4.14
103,Steven Brault,26,PIT,NL,6,3,0.667,4.61,45,5,6,0,0,0,91.2,84,51,47,10,57,4,82,8,0,9,413,85,4.92,1.538,8.2,1,5.6,8.1,1.44
104,John Brebbia,28,STL,NL,3,3,0.5,3.2,45,0,17,0,0,2,50.2,43,18,18,5,16,2,60,0,0,1,209,122,3.02,1.164,7.6,0.9,2.8,10.7,3.75
105,Colten Brewer,25,SDP,NL,1,0,1,5.59,11,0,5,0,0,0,9.2,15,10,6,0,7,0,10,0,0,1,49,71,3.26,2.276,14,0,6.5,9.3,1.43
106,Austin Brice,26,CIN,NL,2,3,0.4,5.79,33,0,8,0,0,0,37.1,39,26,24,9,13,6,32,3,0,1,162,74,5.87,1.393,9.4,2.2,3.1,7.7,2.46
107,Parker Bridwell,26,LAA,AL,1,0,1,17.55,5,1,2,0,0,0,6.2,14,13,13,5,2,0,3,0,0,0,36,25,12.91,2.4,18.9,6.8,2.7,4.1,1.5
108,Jeff Brigham,26,MIA,NL,0,4,0,6.06,4,4,0,0,0,0,16.1,16,11,11,2,13,0,12,2,0,0,77,62,6.04,1.776,8.8,1.1,7.2,6.6,0.92
109,Zack Britton,30,TOT,AL,2,0,1,3.1,41,0,21,0,0,7,40.2,29,16,14,3,21,0,34,3,0,7,169,141,4.22,1.23,6.4,0.7,4.6,7.5,1.62
112,Aaron Brooks,28,OAK,AL,0,0,,0,3,0,2,0,0,0,2.2,1,0,0,0,2,0,1,0,0,0,10,,4.66,1.125,3.4,0,6.8,3.4,0.5
113,Rex Brothers,30,ATL,NL,0,0,,inf,1,0,0,0,0,0,0,0,1,1,0,2,0,0,0,0,0,2,17,,,,,,,0
114,Clay Buchholz,33,ARI,NL,7,2,0.778,2.01,16,16,0,1,0,0,98.1,80,25,22,9,22,1,81,3,0,1,393,211,3.47,1.037,7.3,0.8,2,7.4,3.68
115,Ryan Buchter,31,OAK,AL,6,0,1,2.75,54,0,4,0,0,0,39.1,32,17,12,4,15,1,41,0,0,1,163,151,3.54,1.195,7.3,0.9,3.4,9.4,2.73
116,Walker Buehler,23,LAD,NL,8,5,0.615,2.62,24,23,0,0,0,0,137.1,95,43,40,12,37,1,151,6,0,4,541,150,3.04,0.961,6.2,0.8,2.4,9.9,4.08
117,Madison Bumgarner,28,SFG,NL,6,7,0.462,3.26,21,21,0,0,0,0,129.2,118,51,47,14,43,3,109,5,1,3,551,118,3.99,1.242,8.2,1,3,7.6,2.53
118,Aaron Bummer,24,CHW,AL,0,1,0,4.26,37,0,9,0,0,0,31.2,40,19,15,1,10,0,35,1,1,7,144,100,2.4,1.579,11.4,0.3,2.8,9.9,3.5
119,Dylan Bundy,25,BAL,AL,8,16,0.333,5.45,31,31,0,1,0,0,171.2,188,116,104,41,54,1,184,6,1,6,750,78,5.17,1.41,9.9,2.1,2.8,9.6,3.41
120,Nick Burdi,25,PIT,NL,0,0,,20.25,2,0,1,0,0,0,1.1,3,4,3,1,2,0,2,0,0,0,10,25,14.41,3.75,20.3,6.8,13.5,13.5,1
121,Corbin Burnes,23,MIL,NL,7,0,1,2.61,30,0,6,0,0,1,38,27,11,11,4,11,2,35,3,1,2,152,159,3.79,1,6.4,0.9,2.6,8.3,3.18
122,Ryan Burr,24,CHW,AL,0,0,,7.45,8,0,1,0,0,0,9.2,12,8,8,3,6,1,6,1,0,0,44,59,8.13,1.862,11.2,2.8,5.6,5.6,1
123,Alan Busenitz,27,MIN,AL,4,1,0.8,7.82,23,0,7,0,0,0,25.1,37,25,22,8,14,0,26,2,0,2,126,56,7.11,2.013,13.1,2.8,5,9.2,1.86
124,Matt Bush,32,TEX,AL,0,0,,4.7,21,0,6,0,0,0,23,23,13,12,3,14,0,19,2,0,1,108,102,5.29,1.609,9,1.2,5.5,7.4,1.36
125,Drew Butera,34,KCR,AL,0,0,,54,1,0,1,0,0,0,0.1,2,2,2,0,3,0,0,0,0,0,6,17,30.16,15,54,0,81,0,0
126,Eddie Butler,27,TOT,MLB,2,3,0.4,5.62,30,0,9,0,0,2,49.2,59,34,31,11,19,1,29,2,0,6,228,82,6.14,1.57,10.7,2,3.4,5.3,1.53
129,Ty Buttrey,25,LAA,AL,0,1,0,3.31,16,0,4,0,0,4,16.1,15,7,6,0,5,0,20,0,1,0,70,131,1.63,1.224,8.3,0,2.8,11,4
130,Trevor Cahill,30,OAK,AL,7,4,0.636,3.76,21,20,0,0,0,0,110,90,52,46,8,41,0,100,5,0,8,450,109,3.54,1.191,7.4,0.7,3.4,8.2,2.44
131,Victor Caratini,24,CHC,NL,0,0,,9,2,0,0,0,0,0,2,3,2,2,1,0,0,0,0,0,0,8,55,9.66,1.5,13.5,4.5,0,0,
132,Shane Carle,26,ATL,NL,4,1,0.8,2.86,53,0,8,0,0,1,63,50,22,20,2,27,7,43,1,0,2,259,142,3.54,1.222,7.1,0.3,3.9,6.1,1.59
133,Ryan Carpenter,27,DET,AL,1,2,0.333,7.25,6,5,0,0,0,0,22.1,34,19,18,8,4,0,15,3,0,0,107,62,7.41,1.701,13.7,3.2,1.6,6,3.75
134,Carlos Carrasco,31,CLE,AL,17,10,0.63,3.38,32,30,1,2,0,0,192,173,78,72,21,43,4,231,6,0,9,784,131,2.94,1.125,8.1,1,2,10.8,5.37
135,Cody Carroll,25,BAL,AL,0,2,0,9,15,0,3,0,0,0,17,21,17,17,6,13,0,16,0,1,3,84,48,8.16,2,11.1,3.2,6.9,8.5,1.23
136,Andrew Cashner,31,BAL,AL,4,15,0.211,5.29,28,28,0,0,0,0,153,177,97,90,25,65,3,99,3,0,6,681,80,5.32,1.582,10.4,1.5,3.8,5.8,1.52
137,Santiago Casilla,37,OAK,AL,0,0,,3.16,26,0,12,0,0,1,31.1,18,11,11,0,20,0,22,4,0,4,132,131,4.05,1.213,5.2,0,5.7,6.3,1.1
138,Diego Castillo,24,TBR,AL,4,2,0.667,3.18,43,11,5,0,0,0,56.2,36,21,20,6,18,0,65,2,1,5,222,131,3.3,0.953,5.7,1,2.9,10.3,3.61
139,Jose Castillo,22,SDP,NL,3,3,0.5,3.29,37,0,5,0,0,0,38.1,23,14,14,3,12,1,52,3,0,1,150,118,2.64,0.913,5.4,0.7,2.8,12.2,4.33
140,Luis Castillo,25,CIN,NL,10,12,0.455,4.3,31,31,0,0,0,0,169.2,158,89,81,28,49,1,165,5,2,4,708,99,4.32,1.22,8.4,1.5,2.6,8.8,3.37
141,Miguel Castro,23,BAL,AL,2,7,0.222,3.96,63,1,16,0,0,0,86.1,75,41,38,9,50,7,57,5,3,9,376,107,5.11,1.448,7.8,0.9,5.2,5.9,1.14
142,Brett Cecil,31,STL,NL,1,1,0.5,6.89,40,0,7,0,0,0,32.2,39,27,25,5,25,5,19,0,0,1,157,57,6.28,1.959,10.7,1.4,6.9,5.2,0.76
143,Xavier Cedeno,31,TOT,MLB,2,0,1,2.43,48,0,4,0,0,1,33.1,26,10,9,1,16,1,34,0,0,4,140,177,2.95,1.26,7,0.3,4.3,9.2,2.13
146,Luis Cessa,26,NYY,AL,1,4,0.2,5.24,16,5,6,0,0,2,44.2,51,27,26,5,13,0,39,0,0,7,195,83,3.74,1.433,10.3,1,2.6,7.9,3
147,Jhoulys Chacin,30,MIL,NL,15,8,0.652,3.5,35,35,0,0,0,0,192.2,153,83,75,18,71,3,156,11,0,5,796,118,4.03,1.163,7.1,0.8,3.3,7.3,2.2
148,Andrew Chafin,28,ARI,NL,1,6,0.143,3.1,77,0,13,0,0,0,49.1,41,18,17,0,25,1,53,2,0,3,211,137,2.65,1.338,7.5,0,4.6,9.7,2.12
149,Aroldis Chapman,30,NYY,AL,3,0,1,2.45,55,0,43,0,0,32,51.1,24,15,14,2,30,0,93,5,0,9,212,177,2.09,1.052,4.2,0.4,5.3,16.3,3.1
150,JT Chargois,27,LAD,NL,2,4,0.333,3.34,39,0,4,0,0,0,32.1,26,13,12,4,15,3,40,2,0,3,135,118,3.87,1.268,7.2,1.1,4.2,11.1,2.67
151,Tyler Chatwood,28,CHC,NL,4,6,0.4,5.3,24,20,4,0,0,0,103.2,92,62,61,9,95,1,85,7,0,8,486,79,5.6,1.804,8,0.8,8.2,7.4,0.89
152,Jesse Chavez,34,TOT,MLB,5,2,0.714,2.55,62,0,26,0,0,5,95.1,84,28,27,13,17,1,92,0,0,1,377,178,3.54,1.059,7.9,1.2,1.6,8.7,5.41
155,Wei-Yin Chen,32,MIA,NL,6,12,0.333,4.79,26,26,0,0,0,0,133.1,131,75,71,19,47,6,111,1,1,4,572,77,4.43,1.335,8.8,1.3,3.2,7.5,2.36
156,Yonny Chirinos,24,TBR,AL,5,5,0.5,3.51,18,7,2,0,0,0,89.2,84,40,35,7,25,2,75,5,0,5,370,118,3.51,1.216,8.4,0.7,2.5,7.5,3
157,Adam Cimber,27,TOT,MLB,3,8,0.273,3.42,70,0,16,0,0,0,68.1,68,28,26,5,17,9,58,6,0,1,284,118,3.42,1.244,9,0.7,2.2,7.6,3.41
160,Tony Cingrani,28,LAD,NL,1,2,0.333,4.76,30,0,2,0,0,0,22.2,19,12,12,2,6,1,36,3,2,1,95,83,2.32,1.103,7.5,0.8,2.4,14.3,6
161,Steve Cishek,32,CHC,NL,4,3,0.571,2.18,80,0,10,0,0,4,70.1,45,19,17,5,28,4,78,9,0,2,288,192,3.45,1.038,5.8,0.6,3.6,10,2.79
162,Alex Claudio,26,TEX,AL,4,2,0.667,4.48,66,1,20,0,0,1,68.1,91,35,34,4,13,3,41,3,1,0,299,106,3.42,1.522,12,0.5,1.7,5.4,3.15
163,Mike Clevinger,27,CLE,AL,13,8,0.619,3.02,32,32,0,1,1,0,200,164,71,67,21,67,0,207,4,0,4,810,146,3.52,1.155,7.4,0.9,3,9.3,3.09
164,Tyler Clippard,33,TOR,AL,4,3,0.571,3.67,73,1,22,0,0,7,68.2,57,29,28,13,23,0,85,2,0,7,285,115,4.24,1.165,7.5,1.7,3,11.1,3.7
165,Tyler Cloyd,31,MIA,NL,0,0,,8.66,7,0,4,0,0,0,17.2,25,17,17,3,10,2,13,1,0,1,87,43,5.76,1.981,12.7,1.5,5.1,6.6,1.3
166,Alex Cobb,30,BAL,AL,5,15,0.25,4.9,28,28,0,1,0,0,152.1,172,93,83,24,43,5,102,4,1,4,661,86,4.8,1.411,10.2,1.4,2.5,6,2.37
167,A.J. Cole,26,TOT,MLB,4,2,0.667,6.14,32,2,14,0,0,0,48.1,55,38,33,15,22,1,59,0,0,2,221,71,6.12,1.593,10.2,2.8,4.1,11,2.68
170,Gerrit Cole,27,HOU,AL,15,5,0.75,2.88,32,32,0,1,1,0,200.1,143,68,64,19,64,0,276,7,0,9,799,143,2.7,1.033,6.4,0.9,2.9,12.4,4.31
171,Taylor Cole,28,LAA,AL,4,2,0.667,2.75,18,2,4,0,0,0,36,20,11,11,3,12,0,39,3,0,1,135,155,3.33,0.889,5,0.8,3,9.8,3.25
172,Louis Coleman,32,DET,AL,4,1,0.8,3.51,51,0,9,0,0,0,51.1,43,21,20,5,24,2,41,6,0,0,217,126,4.58,1.305,7.5,0.9,4.2,7.2,1.71
173,Tim Collins,28,WSN,NL,0,0,,4.37,38,0,5,0,0,0,22.2,23,11,11,5,12,0,21,0,0,1,99,98,5.76,1.544,9.1,2,4.8,8.3,1.75
174,Alex Colome,29,TOT,AL,7,5,0.583,3.04,70,0,24,0,0,12,68,59,26,23,7,21,2,72,3,1,10,282,135,3.44,1.176,7.8,0.9,2.8,9.5,3.43
177,Bartolo Colon,45,TEX,AL,7,12,0.368,5.78,28,24,1,1,0,0,146.1,172,97,94,32,25,1,81,3,0,2,628,82,5.47,1.346,10.6,2,1.5,5,3.24
178,Adam Conley,28,MIA,NL,3,4,0.429,4.09,52,0,5,0,0,3,50.2,37,25,23,5,18,1,50,1,0,3,202,91,3.6,1.086,6.6,0.9,3.2,8.9,2.78
179,P.J. Conlon,24,NYM,NL,0,0,,8.22,3,2,1,0,0,0,7.2,15,7,7,2,2,0,5,0,0,0,38,47,6.03,2.217,17.6,2.3,2.3,5.9,2.5
180,Ryan Cook,31,SEA,AL,2,1,0.667,5.29,19,0,5,0,0,0,17,15,10,10,4,7,1,23,3,0,2,76,78,5.28,1.294,7.9,2.1,3.7,12.2,3.29
181,Scott Copeland,30,NYM,NL,0,0,,0,1,0,0,0,0,0,1.1,1,0,0,0,0,0,2,0,0,0,5,,0.16,0.75,6.8,0,0,13.5,
182,Patrick Corbin,28,ARI,NL,11,7,0.611,3.15,33,33,0,1,1,0,200,162,70,70,15,48,3,246,5,0,8,800,135,2.47,1.05,7.3,0.7,2.2,11.1,5.13
183,Daniel Corcino,27,LAD,NL,0,0,,2.25,2,0,2,0,0,1,4,2,2,1,0,3,0,1,1,0,1,18,191,5.66,1.25,4.5,0,6.8,2.3,0.33
184,Jimmy Cordero,26,WSN,NL,1,2,0.333,5.68,22,0,3,0,0,0,19,23,13,12,2,12,2,12,2,0,0,94,75,5.48,1.842,10.9,0.9,5.7,5.7,1
185,Nestor Cortes Jr.,23,BAL,AL,0,0,,7.71,4,0,3,0,0,0,4.2,10,4,4,2,4,0,3,0,0,0,26,59,10.02,3,19.3,3.9,7.7,5.8,0.75
186,Danny Coulombe,28,OAK,AL,1,1,0.5,4.56,27,0,3,0,0,0,23.2,24,13,12,5,11,0,26,0,0,2,98,91,5.1,1.479,9.1,1.9,4.2,9.9,2.36
187,Dylan Covey,26,CHW,AL,5,14,0.263,5.18,27,21,2,0,0,0,121.2,129,81,70,13,52,4,91,2,0,5,542,82,4.39,1.488,9.5,1,3.8,6.7,1.75
188,Kyle Crick,25,PIT,NL,3,2,0.6,2.39,64,0,13,0,0,2,60.1,45,18,16,3,23,3,65,7,2,9,255,165,3.14,1.127,6.7,0.4,3.4,9.7,2.83
189,Kyle Crockett,26,CIN,NL,1,0,1,5.79,15,0,2,0,0,0,9.1,16,8,6,1,2,1,11,0,0,1,46,76,2.84,1.929,15.4,1,1.9,10.6,5.5
190,Rhiner Cruz,31,TOR,AL,0,0,,2.7,2,0,1,0,0,0,3.1,3,1,1,0,2,0,4,0,0,1,15,172,2.56,1.5,8.1,0,5.4,10.8,2
191,Johnny Cueto,32,SFG,NL,3,2,0.6,3.23,9,9,0,0,0,0,53,46,19,19,8,13,0,38,5,0,2,214,120,4.71,1.113,7.8,1.4,2.2,6.5,2.92
192,William Cuevas,27,BOS,AL,0,2,0,7.41,9,1,3,0,0,0,17,20,14,14,3,11,0,20,4,0,2,84,60,5.75,1.824,10.6,1.6,5.8,10.6,1.82
193,Charlie Culberson,29,ATL,NL,0,0,,9,1,0,1,0,0,0,1,2,1,1,0,0,0,0,0,0,0,5,62,3.16,2,18,0,0,0,
194,Brandon Cumpton,29,TOR,AL,0,0,,5.4,1,0,0,0,0,0,1.2,3,1,1,0,2,0,2,0,0,0,10,95,4.36,3,16.2,0,10.8,10.8,1
195,Zac Curtis,25,TOT,MLB,0,1,0,4.96,15,0,5,0,0,0,16.1,12,10,9,1,19,2,18,1,0,2,79,93,5.43,1.898,6.6,0.6,10.5,9.9,0.95
198,John Curtiss,25,MIN,AL,0,1,0,5.68,8,0,2,0,0,0,6.1,8,4,4,0,4,1,7,0,0,3,30,80,2.85,1.895,11.4,0,5.7,9.9,1.75
199,Chase d'Arnaud,31,SFG,NL,0,0,,0,1,0,1,0,0,0,1,1,0,0,0,0,0,0,0,0,0,4,,3.16,1,9,0,0,0,
200,Tyler Danish,23,CHW,AL,1,0,1,7.11,7,0,0,0,0,0,6.1,8,5,5,2,4,0,5,1,0,0,31,63,8.06,1.895,11.4,2.8,5.7,7.1,1.25
201,Yu Darvish,31,CHC,NL,1,3,0.25,4.95,8,8,0,0,0,0,40,36,24,22,7,21,0,49,4,1,2,180,85,4.86,1.425,8.1,1.6,4.7,11,2.33
202,Matt Davidson,27,CHW,AL,0,0,,0,3,0,3,0,0,0,3,1,0,0,0,1,0,2,0,0,0,11,,2.83,0.667,3,0,3,6,2
203,Zach Davies,25,MIL,NL,2,7,0.222,4.77,13,13,0,0,0,0,66,67,36,35,8,21,3,49,4,0,1,280,87,4.39,1.333,9.1,1.1,2.9,6.7,2.33
204,Austin Davis,25,PHI,NL,1,2,0.333,4.15,32,0,10,0,0,0,34.2,35,20,16,4,12,1,38,2,1,4,151,102,3.68,1.356,9.1,1,3.1,9.9,3.17
205,J.D. Davis,25,HOU,AL,0,0,,9,1,0,1,0,0,0,1,1,1,1,1,0,0,1,0,0,0,4,63,14.16,1,9,9,0,9,
206,Wade Davis,32,COL,NL,3,6,0.333,4.13,69,0,63,0,0,43,65.1,43,31,30,8,26,0,78,2,0,6,261,115,3.65,1.056,5.9,1.1,3.6,10.7,3
207,Chase De Jong,24,MIN,AL,1,1,0.5,3.57,4,4,0,0,0,0,17.2,18,9,7,3,6,0,13,0,0,2,74,123,4.92,1.358,9.2,1.5,3.1,6.6,2.17
208,Jorge De La Rosa,37,TOT,NL,0,2,0,3.38,59,0,14,0,0,1,56,51,25,21,6,27,4,47,1,2,2,243,126,4.38,1.393,8.2,1,4.3,7.6,1.74
211,Enyel De Los Santos,22,PHI,NL,1,0,1,4.74,7,2,2,0,0,0,19,19,10,10,2,8,0,15,1,0,1,81,90,4.37,1.421,9,0.9,3.8,7.1,1.88
212,Dean Deetz,24,HOU,AL,0,0,,5.4,4,0,3,0,0,0,3.1,4,2,2,1,1,0,3,1,0,0,15,84,7.06,1.5,10.8,2.7,2.7,8.1,3
213,Jacob deGrom,30,NYM,NL,10,9,0.526,1.7,32,32,0,1,0,0,217,152,48,41,10,46,3,269,5,0,2,835,216,1.99,0.912,6.3,0.4,1.9,11.2,5.85
214,Randall Delgado,28,ARI,NL,2,0,1,4.76,10,0,1,0,0,0,11.1,11,6,6,3,6,2,5,0,0,2,51,92,7.31,1.5,8.7,2.4,4.8,4,0.83
215,Daniel Descalso,31,ARI,NL,0,0,,8.1,2,0,1,0,0,0,3.1,4,3,3,2,1,0,2,0,0,0,15,58,10.66,1.5,10.8,5.4,2.7,5.4,2
216,Anthony DeSclafani,28,CIN,NL,7,8,0.467,4.93,21,21,0,0,0,0,115,118,68,63,24,30,2,108,2,0,4,484,86,4.83,1.287,9.2,1.9,2.3,8.5,3.6
217,Odrisamer Despaigne,31,TOT,MLB,2,3,0.4,6.69,19,5,2,0,0,0,39,52,34,29,4,19,1,35,2,0,0,188,60,4.31,1.821,12,0.9,4.4,8.1,1.84
220,Ross Detwiler,32,SEA,AL,0,1,0,4.5,1,0,0,0,0,0,6,8,3,3,1,2,0,2,0,0,0,23,95,5.66,1.667,12,1.5,3,3,1
221,Chris Devenski,27,HOU,AL,2,3,0.4,4.18,50,1,8,0,0,2,47.1,42,23,22,9,13,1,51,3,1,1,196,99,4.49,1.162,8,1.7,2.5,9.7,3.92
222,Edwin Diaz,24,SEA,AL,0,4,0,1.96,73,0,65,0,0,57,73.1,41,17,16,5,17,0,124,6,1,3,280,205,1.61,0.791,5,0.6,2.1,15.2,7.29
223,Miguel Diaz,23,SDP,NL,1,0,1,4.82,11,0,4,0,0,0,18.2,16,11,10,2,12,2,30,0,0,1,85,81,3.27,1.5,7.7,1,5.8,14.5,2.5
224,Jake Diekman,31,TOT,MLB,1,2,0.333,4.73,71,0,15,0,0,2,53.1,49,33,28,4,31,2,66,6,0,3,243,99,3.74,1.5,8.3,0.7,5.2,11.1,2.13
227,Brandon Dixon,26,CIN,NL,0,0,,0,2,0,2,0,0,0,1.1,0,0,0,0,0,0,1,0,0,0,4,,1.66,0,0,0,0,6.8,
228,Seranthony Dominguez,23,PHI,NL,2,5,0.286,2.95,53,0,24,0,0,16,58,32,19,19,4,22,2,74,4,0,10,231,143,2.85,0.931,5,0.6,3.4,11.5,3.36
229,Sean Doolittle,31,WSN,NL,3,3,0.5,1.6,43,0,35,0,0,25,45,21,8,8,3,6,1,60,2,0,1,163,264,1.89,0.6,4.2,0.6,1.2,12,10
230,Oliver Drake,31,TOT,MLB,1,1,0.5,5.29,44,0,19,0,0,0,47.2,52,29,28,4,17,1,51,1,0,5,209,83,3.24,1.448,9.8,0.8,3.2,9.6,3
237,Brian Duensing,35,CHC,NL,3,0,1,7.65,48,0,7,0,0,1,37.2,42,33,32,6,29,2,24,1,0,0,181,55,6.35,1.885,10,1.4,6.9,5.7,0.83
238,Tyler Duffey,27,MIN,AL,2,2,0.5,7.2,19,1,4,0,0,0,25,26,22,20,6,4,0,19,1,0,2,107,61,5.36,1.2,9.4,2.2,1.4,6.8,4.75
239,Danny Duffy,29,KCR,AL,8,12,0.4,4.88,28,28,0,0,0,0,155,161,86,84,23,70,1,141,4,0,14,692,89,4.7,1.49,9.3,1.3,4.1,8.2,2.01
240,Zach Duke,35,TOT,AL,5,5,0.5,4.15,72,0,11,0,0,0,52,57,28,24,1,21,4,51,6,0,3,240,103,3.01,1.5,9.9,0.2,3.6,8.8,2.43
243,Ryan Dull,28,OAK,AL,0,0,,4.26,28,0,3,0,0,0,25.1,22,12,12,3,7,0,21,0,0,3,100,98,3.87,1.145,7.8,1.1,2.5,7.5,3
244,Mike Dunn,33,COL,NL,0,0,,9,25,0,6,0,0,0,17,22,17,17,1,18,0,12,0,0,1,83,53,5.69,2.353,11.6,0.5,9.5,6.4,0.67
245,Sam Dyson,30,SFG,NL,4,3,0.571,2.69,74,0,16,0,0,3,70.1,56,23,21,5,20,1,56,3,0,2,273,143,3.47,1.081,7.2,0.6,2.6,7.2,2.8
246,Carl Edwards Jr.,26,CHC,NL,3,2,0.6,2.6,58,0,2,0,0,0,52,36,17,15,2,32,1,67,0,0,4,222,161,2.93,1.308,6.2,0.3,5.5,11.6,2.09
247,Jon Edwards,30,CLE,AL,0,0,,3.12,9,0,0,0,0,0,8.2,6,4,3,2,4,0,10,0,0,0,37,147,5.24,1.154,6.2,2.1,4.2,10.4,2.5
248,Zach Eflin,24,PHI,NL,11,8,0.579,4.36,24,24,0,0,0,0,128,130,69,62,16,37,4,123,3,0,4,548,96,3.8,1.305,9.1,1.1,2.6,8.6,3.32
249,Jerad Eickhoff,27,PHI,NL,0,1,0,6.75,3,1,1,0,0,0,5.1,10,4,4,1,0,0,11,0,0,0,26,66,1.47,1.875,16.9,1.7,0,18.6,
250,Roenis Elias,29,SEA,AL,3,1,0.75,2.65,23,4,13,0,0,0,51,46,17,15,1,16,1,34,1,0,3,210,153,3.08,1.216,8.1,0.2,2.8,6,2.13
251,Nathan Eovaldi,28,TOT,AL,6,7,0.462,3.81,22,21,0,0,0,0,111,105,55,47,14,20,1,101,3,0,4,455,112,3.6,1.126,8.5,1.1,1.6,8.2,5.05
254,Robbie Erlin,27,SDP,NL,4,7,0.364,4.21,39,12,8,0,0,0,109,112,57,51,12,12,0,88,0,1,2,439,91,3.31,1.138,9.2,1,1,7.3,7.33
255,Phil Ervin,25,CIN,NL,0,0,,0,1,0,1,0,0,0,0.1,0,0,0,0,0,0,0,0,0,0,1,,3.16,0,0,0,0,0,
256,Marco Estrada,34,TOR,AL,7,14,0.333,5.64,28,28,0,0,0,0,143.2,155,91,90,29,50,0,103,2,0,3,627,74,5.44,1.427,9.7,1.8,3.1,6.5,2.06
257,Jeurys Familia,28,TOT,MLB,8,6,0.571,3.13,70,0,36,0,0,18,72,60,26,25,3,28,1,83,2,0,2,302,125,2.65,1.222,7.5,0.4,3.5,10.4,2.96
260,Jake Faria,24,TBR,AL,4,4,0.5,5.4,17,12,1,0,0,0,65,60,39,39,9,33,1,50,3,0,2,281,77,5.08,1.431,8.3,1.2,4.6,6.9,1.52
261,Buck Farmer,27,DET,AL,3,4,0.429,4.15,66,1,12,0,0,0,69.1,67,34,32,6,41,1,57,1,0,2,308,106,4.46,1.558,8.7,0.8,5.3,7.4,1.39
262,Danny Farquhar,31,CHW,AL,1,1,0.5,5.63,8,0,0,0,0,0,8,6,5,5,3,0,0,9,0,0,1,29,79,5.79,0.75,6.8,3.4,0,10.1,
263,Luke Farrell,27,CHC,NL,3,4,0.429,5.17,20,2,8,0,0,0,31.1,30,22,18,7,16,2,39,1,0,1,141,81,5.2,1.468,8.6,2,4.6,11.2,2.44
264,Erick Fedde,25,WSN,NL,2,4,0.333,5.54,11,11,0,0,0,0,50.1,55,31,31,8,22,1,46,0,1,0,217,76,4.71,1.53,9.8,1.4,3.9,8.2,2.09
265,Michael Feliz,25,PIT,NL,1,2,0.333,5.66,47,0,7,0,0,0,47.2,49,33,30,6,23,0,55,3,1,3,217,70,4.13,1.51,9.3,1.1,4.3,10.4,2.39
266,Caleb Ferguson,21,LAD,NL,7,2,0.778,3.49,29,3,7,0,0,2,49,43,21,19,8,12,1,59,3,0,1,202,113,3.79,1.122,7.9,1.5,2.2,10.8,4.92
267,Jose Fernandez,25,TOR,AL,0,0,,6.1,13,0,1,0,0,0,10.1,10,7,7,2,4,0,6,0,0,0,45,71,5.68,1.355,8.7,1.7,3.5,5.2,1.5
268,Matt Festa,25,SEA,AL,0,0,,2.16,8,1,0,0,0,0,8.1,13,2,2,0,2,0,4,1,0,2,40,194,3.28,1.8,14,0,2.2,4.3,2
269,Johnny Field,26,TOT,AL,0,0,,0,1,0,1,0,0,0,1,0,0,0,0,1,0,0,0,0,0,4,,6.16,1,0,0,9,0,0
271,Josh Fields,32,LAD,NL,2,2,0.5,2.2,45,0,10,0,0,2,41,28,10,10,4,11,1,33,0,0,0,154,180,3.62,0.951,6.1,0.9,2.4,7.2,3
272,Mike Fiers,33,TOT,AL,12,8,0.6,3.56,31,30,0,0,0,0,172,166,71,68,32,37,1,139,8,0,4,714,122,4.75,1.18,8.7,1.7,1.9,7.3,3.76
275,Heath Fillmyer,24,KCR,AL,4,2,0.667,4.26,17,13,2,0,0,0,82.1,78,41,39,11,32,0,57,2,1,3,344,102,4.75,1.336,8.5,1.2,3.5,6.2,1.78
276,Brandon Finnegan,25,CIN,NL,0,3,0,7.4,5,5,0,0,0,0,20.2,27,20,17,5,15,2,14,0,0,1,103,58,7.13,2.032,11.8,2.2,6.5,6.1,0.93
277,Doug Fister,34,TEX,AL,1,7,0.125,4.5,12,12,0,0,0,0,66,73,40,33,11,19,0,40,6,0,1,289,106,5.25,1.394,10,1.5,2.6,5.5,2.11
278,Jack Flaherty,22,STL,NL,8,9,0.471,3.34,28,28,0,0,0,0,151,108,59,56,20,59,3,182,11,0,6,615,116,3.86,1.106,6.4,1.2,3.5,10.8,3.08
279,Chris Flexen,23,NYM,NL,0,2,0,12.79,4,1,2,0,0,0,6.1,14,13,9,2,6,1,3,1,0,0,40,31,9.63,3.158,19.9,2.8,8.5,4.3,0.5
280,Pedro Florimon,31,PHI,NL,0,0,,9,2,0,2,0,0,0,2,1,2,2,1,1,0,0,0,0,0,8,55,11.16,1,4.5,4.5,4.5,0,0
281,Dylan Floro,27,TOT,NL,6,3,0.667,2.25,54,0,20,0,0,0,64,57,17,16,3,23,6,58,1,2,1,271,184,3.08,1.25,8,0.4,3.2,8.2,2.52
284,Brian Flynn,28,KCR,AL,3,5,0.375,4.04,48,0,10,0,0,1,75.2,87,37,34,5,35,3,47,3,0,5,336,107,4.28,1.612,10.3,0.6,4.2,5.6,1.34
285,Mike Foltynewicz,26,ATL,NL,13,10,0.565,2.85,31,31,0,2,1,0,183,130,65,58,17,68,3,202,6,2,7,744,142,3.37,1.082,6.4,0.8,3.3,9.9,2.97
286,Wilmer Font,28,TOT,MLB,2,3,0.4,5.93,19,5,8,0,0,0,44,46,29,29,12,16,1,36,1,0,1,192,71,6.23,1.409,9.4,2.5,3.3,7.4,2.25
291,Caleb Frare,24,CHW,AL,0,1,0,5.14,11,0,1,0,0,0,7,6,4,4,0,4,0,9,1,0,1,31,86,2.73,1.429,7.7,0,5.1,11.6,2.25
292,Kyle Freeland,25,COL,NL,17,7,0.708,2.85,33,33,0,0,0,0,202.1,182,64,64,17,70,2,173,6,0,2,844,166,3.67,1.245,8.1,0.8,3.1,7.7,2.47
293,Sam Freeman,31,ATL,NL,3,5,0.375,4.29,63,0,4,0,0,0,50.1,41,26,24,3,32,2,58,2,0,4,216,95,3.66,1.45,7.3,0.5,5.7,10.4,1.81
294,Max Fried,24,ATL,NL,1,4,0.2,2.94,14,5,5,0,0,0,33.2,26,12,11,3,20,0,44,2,0,2,142,139,3.67,1.366,7,0.8,5.3,11.8,2.2
295,Jace Fry,24,CHW,AL,2,3,0.4,4.38,59,1,12,0,0,4,51.1,37,28,25,4,20,0,70,1,0,5,214,97,2.67,1.11,6.5,0.7,3.5,12.3,3.5
296,Paul Fry,25,BAL,AL,1,2,0.333,3.35,35,0,11,0,0,2,37.2,33,20,14,1,15,0,36,4,0,3,159,128,3.11,1.274,7.9,0.2,3.6,8.6,2.4
297,Carson Fulmer,24,CHW,AL,2,4,0.333,8.07,9,8,1,0,0,0,32.1,37,32,29,8,24,0,29,5,1,2,164,53,7.27,1.887,10.3,2.2,6.7,8.1,1.21
298,Michael Fulmer,25,DET,AL,3,12,0.2,4.69,24,24,0,0,0,0,132.1,128,75,69,19,46,1,110,5,0,1,558,94,4.52,1.315,8.7,1.3,3.1,7.5,2.39
299,Drew Gagnon,28,NYM,NL,2,1,0.667,5.25,5,1,0,0,0,0,12,15,11,7,2,5,0,8,2,0,2,56,72,5.74,1.667,11.3,1.5,3.8,6,1.6
300,Yovani Gallardo,32,TOT,MLB,8,8,0.5,6.39,21,18,1,0,0,0,94.1,107,68,67,14,47,2,58,2,0,6,422,74,5.42,1.633,10.2,1.3,4.5,5.5,1.23
303,Giovanny Gallegos,26,TOT,MLB,0,0,,3.97,6,0,4,0,0,1,11.1,11,5,5,2,3,0,12,0,0,0,45,114,4.13,1.235,8.7,1.6,2.4,9.5,4
306,John Gant,25,STL,NL,7,6,0.538,3.47,26,19,1,0,0,0,114,91,54,44,9,57,3,95,2,0,5,487,112,4.07,1.298,7.2,0.7,4.5,7.5,1.67
307,Greg Garcia,28,STL,NL,0,0,,0,1,0,1,0,0,0,1,1,0,0,0,0,0,0,0,0,0,3,,3.16,1,9,0,0,0,
308,Jaime Garcia,31,TOT,MLB,3,7,0.3,5.82,33,14,4,0,0,0,82,82,57,53,13,44,2,73,3,1,7,369,73,5.16,1.537,9,1.4,4.8,8,1.66
311,Jarlin Garcia,25,MIA,NL,3,3,0.5,4.91,29,7,3,0,0,0,66,59,37,36,16,28,3,40,0,2,0,278,75,6.37,1.318,8,2.2,3.8,5.5,1.43
312,Luis Garcia,31,PHI,NL,3,1,0.75,6.07,59,0,7,0,0,1,46,49,31,31,4,18,1,51,4,0,7,204,70,3.51,1.457,9.6,0.8,3.5,10,2.83
313,Yimi Garcia,27,LAD,NL,1,2,0.333,5.64,25,0,3,0,0,0,22.1,29,18,14,7,4,1,19,2,0,0,101,71,6.34,1.478,11.7,2.8,1.6,7.7,4.75
314,Nick Gardewine,24,TEX,AL,0,0,,3.6,3,0,1,0,0,0,5,7,2,2,0,0,0,4,1,0,0,23,140,2.16,1.4,12.6,0,0,7.2,
315,Amir Garrett,26,CIN,NL,1,2,0.333,4.29,66,0,7,0,0,0,63,56,30,30,8,25,3,71,3,0,3,264,99,3.89,1.286,8,1.1,3.6,10.1,2.84
316,Mitch Garver,27,MIN,AL,0,0,,0,1,0,1,0,0,0,1,1,0,0,0,0,0,0,0,0,0,4,,3.16,1,9,0,0,0,
317,Kevin Gausman,27,TOT,MLB,10,11,0.476,3.92,31,31,0,0,0,0,183.2,189,85,80,26,50,1,148,7,0,6,776,107,4.32,1.301,9.3,1.3,2.5,7.3,2.96
320,Sam Gaviglio,28,TOR,AL,3,10,0.231,5.31,26,24,1,0,0,0,123.2,140,77,73,21,38,1,105,4,2,6,548,79,4.69,1.439,10.2,1.5,2.8,7.6,2.76
321,Cory Gearrin,32,TOT,MLB,2,1,0.667,3.77,62,0,12,0,0,1,57.1,56,24,24,7,21,1,53,6,0,4,248,114,4.31,1.343,8.8,1.1,3.3,8.3,2.52
326,Domingo German,25,NYY,AL,2,6,0.25,5.57,21,14,2,0,0,0,85.2,81,55,53,15,33,0,102,5,1,7,375,78,4.39,1.331,8.5,1.6,3.5,10.7,3.09
327,Kyle Gibson,30,MIN,AL,10,13,0.435,3.62,32,32,0,0,0,0,196.2,177,88,79,23,79,2,179,4,0,8,826,120,4.13,1.302,8.1,1.1,3.6,8.2,2.27
328,Ken Giles,27,TOT,AL,0,3,0,4.65,55,0,42,0,0,26,50.1,54,28,26,6,7,0,53,1,0,2,212,90,3.08,1.212,9.7,1.1,1.3,9.5,7.57
331,Sean Gilmartin,28,BAL,AL,1,1,0.5,3,12,0,2,0,0,0,27,23,9,9,4,11,0,15,2,0,0,113,143,5.42,1.259,7.7,1.3,3.7,5,1.36
332,Chris Gimenez,35,TOT,MLB,0,0,,36,2,0,2,0,0,0,2,8,8,8,3,1,0,2,0,0,0,15,16,22.16,4.5,36,13.5,4.5,9,2
335,Lucas Giolito,23,CHW,AL,10,13,0.435,6.13,32,32,0,0,0,0,173.1,166,123,118,27,90,2,125,15,0,13,775,69,5.56,1.477,8.6,1.4,4.7,6.5,1.39
336,Mychal Givens,28,BAL,AL,0,7,0,3.99,69,0,32,0,0,9,76.2,61,37,34,4,30,4,79,3,0,4,317,106,3.07,1.187,7.2,0.5,3.5,9.3,2.63
337,Tyler Glasnow,24,TOT,MLB,2,7,0.222,4.27,45,11,9,0,0,0,111.2,89,55,53,15,53,3,136,4,2,12,468,95,4,1.272,7.2,1.2,4.3,11,2.57
340,Koda Glover,25,WSN,NL,1,3,0.25,3.31,21,0,6,0,0,1,16.1,13,6,6,1,10,1,9,0,0,0,71,130,4.69,1.408,7.2,0.6,5.5,5,0.9
341,Zack Godley,28,ARI,NL,15,11,0.577,4.74,33,32,0,0,0,0,178.1,177,103,94,16,81,2,185,12,1,17,791,89,3.82,1.447,8.9,0.8,4.1,9.3,2.28
342,Erik Goeddel,29,TOT,MLB,3,0,1,2.95,31,0,8,0,0,0,36.2,26,12,12,4,20,3,44,1,0,3,155,136,3.9,1.255,6.4,1,4.9,10.8,2.2
345,Luiz Gohara,21,ATL,NL,0,1,0,5.95,9,1,3,0,0,1,19.2,16,13,13,3,8,0,18,0,0,0,82,69,4.53,1.22,7.3,1.4,3.7,8.2,2.25
346,Austin Gomber,24,STL,NL,6,2,0.75,4.44,29,11,1,0,0,0,75,81,40,37,7,32,4,67,4,1,3,334,88,4.03,1.507,9.7,0.8,3.8,8,2.09
347,Carlos Gomez,32,TBR,AL,0,0,,81,1,0,0,0,0,0,0.1,0,3,3,0,4,0,0,0,2,0,5,11,39.16,12,0,0,108,0,0
348,Jeanmar Gomez,30,CHW,AL,0,2,0,4.68,26,0,5,0,0,0,25,29,15,13,3,10,1,27,1,0,0,114,92,3.88,1.56,10.4,1.1,3.6,9.7,2.7
349,Roberto Gomez,28,SFG,NL,1,0,1,7.71,5,0,2,0,0,0,9.1,20,11,8,0,1,0,8,1,0,0,49,52,2.09,2.25,19.3,0,1,7.7,8
350,Stephen Gonsalves,23,MIN,AL,2,2,0.5,6.57,7,4,0,0,0,0,24.2,28,22,18,2,22,0,16,1,0,2,122,67,5.72,2.027,10.2,0.7,8,5.8,0.73
351,Marco Gonzales,26,SEA,AL,13,9,0.591,4,29,29,0,1,0,0,166.2,172,76,74,17,32,0,145,6,0,2,686,101,3.43,1.224,9.3,0.9,1.7,7.8,4.53
352,Gio Gonzalez,32,TOT,NL,10,11,0.476,4.21,32,32,0,0,0,0,171,167,84,80,17,80,2,148,2,0,5,746,100,4.16,1.444,8.8,0.9,4.2,7.8,1.85
355,Merandy Gonzalez,22,MIA,NL,2,1,0.667,5.73,8,1,3,0,0,0,22,31,14,14,4,8,1,19,0,0,0,103,65,4.89,1.773,12.7,1.6,3.3,7.8,2.38
356,Miguel Gonzalez,34,CHW,AL,0,3,0,12.41,3,3,0,0,0,0,12.1,24,18,17,4,6,0,5,0,0,1,66,35,8.03,2.432,17.5,2.9,4.4,3.6,0.83
357,Nick Goody,26,CLE,AL,0,2,0,6.94,12,0,1,0,0,0,11.2,15,9,9,4,5,1,12,1,0,1,58,65,7.1,1.714,11.6,3.1,3.9,9.3,2.4
358,Daniel Gossett,25,OAK,AL,0,3,0,5.18,5,5,0,0,0,0,24.1,25,14,14,5,8,0,12,1,0,1,102,80,5.96,1.356,9.2,1.8,3,4.4,1.5
359,Trevor Gott,25,WSN,NL,0,2,0,5.68,20,0,5,0,0,0,19,19,13,12,4,10,1,15,2,0,2,84,75,6.21,1.526,9,1.9,4.7,7.1,1.5
360,Matt Grace,29,WSN,NL,1,1,0.5,2.87,56,0,12,0,0,0,59.2,55,22,19,5,13,2,48,2,0,1,247,147,3.4,1.14,8.3,0.8,2,7.2,3.69
361,Kendall Graveman,27,OAK,AL,1,5,0.167,7.6,7,7,0,0,0,0,34.1,44,32,29,9,13,0,27,1,0,2,158,55,6.22,1.66,11.5,2.4,3.4,7.1,2.08
362,Brett Graves,25,MIA,NL,1,1,0.5,5.4,21,0,16,0,0,1,33.1,41,22,20,3,12,2,21,4,0,1,148,69,4.51,1.59,11.1,0.8,3.2,5.7,1.75
363,Jon Gray,26,COL,NL,12,9,0.571,5.12,31,31,0,0,0,0,172.1,180,102,98,27,52,1,183,6,2,6,743,92,4.08,1.346,9.4,1.4,2.7,9.6,3.52
364,Sonny Gray,28,NYY,AL,11,9,0.55,4.9,30,23,2,0,0,0,130.1,138,73,71,14,57,0,123,8,1,9,582,88,4.17,1.496,9.5,1,3.9,8.5,2.16
365,Chad Green,27,NYY,AL,8,3,0.727,2.5,63,0,3,0,0,0,75.2,64,22,21,9,15,2,94,1,0,3,298,173,2.86,1.044,7.6,1.1,1.8,11.2,6.27
366,Shane Greene,29,DET,AL,4,6,0.4,5.12,66,0,58,0,0,32,63.1,68,39,36,12,19,1,65,3,0,3,279,86,4.61,1.374,9.7,1.7,2.7,9.2,3.42
367,Luke Gregerson,34,STL,NL,0,0,,7.11,17,0,4,0,0,0,12.2,14,10,10,2,6,0,12,0,1,2,57,56,4.74,1.579,9.9,1.4,4.3,8.5,2
368,Zack Greinke,34,ARI,NL,15,11,0.577,3.21,33,33,0,0,0,0,207.2,181,77,74,28,43,3,199,6,0,4,839,132,3.71,1.079,7.8,1.2,1.9,8.6,4.63
369,Justin Grimm,29,TOT,AL,1,3,0.25,10.38,21,0,5,0,0,0,17.1,19,20,20,3,14,1,11,0,0,1,83,42,6.56,1.904,9.9,1.6,7.3,5.7,0.79
372,Robert Gsellman,24,NYM,NL,6,3,0.667,4.28,68,0,24,0,0,13,80,76,44,38,8,28,6,70,5,0,1,345,86,3.95,1.3,8.6,0.9,3.2,7.9,2.5
373,Reymin Guduan,26,HOU,AL,0,0,,2.7,3,0,2,0,0,0,3.1,1,1,1,1,0,0,4,0,0,0,11,169,4.66,0.3,2.7,2.7,0,10.8,
374,Javy Guerra,32,MIA,NL,1,1,0.5,5.55,32,0,12,0,0,1,35.2,42,27,22,4,12,2,30,3,0,3,162,67,4.2,1.514,10.6,1,3,7.6,2.5
375,Junior Guerra,33,MIL,NL,6,9,0.4,4.09,31,26,1,0,0,0,141,143,74,64,19,55,0,136,4,0,11,611,101,4.24,1.404,9.1,1.2,3.5,8.7,2.47
376,Tayron Guerrero,27,MIA,NL,1,3,0.25,5.43,60,0,11,0,0,0,58,64,40,35,8,30,1,68,3,0,8,268,68,4.32,1.621,9.9,1.2,4.7,10.6,2.27
377,Taylor Guerrieri,25,TOR,AL,0,0,,4.66,9,0,5,0,0,0,9.2,9,5,5,1,4,0,8,3,0,2,44,93,5.02,1.345,8.4,0.9,3.7,7.4,2
378,Preston Guilmet,30,TOT,MLB,0,1,0,11.7,8,0,2,0,0,0,10,18,13,13,6,4,1,8,0,0,1,52,38,10.56,2.2,16.2,5.4,3.6,7.2,2
381,Brandon Guyer,32,CLE,AL,0,0,,0,1,0,1,0,0,0,1,0,0,0,0,0,0,0,0,0,0,3,,3.16,0,0,0,0,0,
382,Jedd Gyorko,29,STL,NL,0,0,,9,1,0,1,0,0,0,1,2,1,1,1,0,0,0,1,0,0,6,60,19.16,2,18,9,0,0,
383,Josh Hader,24,MIL,NL,6,1,0.857,2.43,55,0,14,0,0,12,81.1,36,23,22,9,30,0,143,1,1,0,306,170,2.23,0.811,4,1,3.3,15.8,4.77
384,David Hale,30,TOT,AL,0,0,,4.61,4,0,1,0,0,0,13.2,16,7,7,3,5,0,8,1,0,0,62,101,6.16,1.537,10.5,2,3.3,5.3,1.6
388,Justin Haley,27,BOS,AL,0,0,,4.7,4,0,3,0,0,0,7.2,10,4,4,2,3,0,0,0,0,0,35,97,7.73,1.696,11.7,2.3,3.5,0,0
389,Matt Hall,24,DET,AL,0,0,,14.63,5,0,2,0,0,0,8,19,16,13,1,3,0,5,1,0,2,48,31,5.04,2.75,21.4,1.1,3.4,5.6,1.67
390,Cole Hamels,34,TOT,MLB,9,12,0.429,3.78,32,32,0,1,0,0,190.2,176,93,80,29,65,0,188,19,3,7,806,120,4.49,1.264,8.3,1.4,3.1,8.9,2.89
393,Ian Hamilton,23,CHW,AL,1,2,0.333,4.5,10,0,3,0,0,0,8,6,5,4,2,2,0,5,1,0,0,33,98,6.29,1,6.8,2.3,2.3,5.6,2.5
394,Jason Hammel,35,KCR,AL,4,14,0.222,6.02,39,18,14,0,0,0,127,168,91,85,18,39,4,92,3,0,3,583,72,4.55,1.63,11.9,1.3,2.8,6.5,2.36
395,Justin Hancock,27,CHC,NL,0,0,,1.46,10,0,6,0,0,0,12.1,5,2,2,1,9,0,11,0,0,0,49,293,4.62,1.135,3.6,0.7,6.6,8,1.22
396,Brad Hand,28,TOT,MLB,2,5,0.286,2.75,69,0,42,0,0,32,72,52,28,22,8,28,2,106,9,0,2,301,149,3.2,1.111,6.5,1,3.5,13.3,3.79
399,Eric Hanhold,24,NYM,NL,0,0,,7.71,3,0,0,0,0,0,2.1,4,2,2,0,1,0,2,1,0,0,13,56,4.02,2.143,15.4,0,3.9,7.7,2
400,Ian Happ,23,CHC,NL,0,0,,0,1,0,1,0,0,0,1,1,0,0,0,0,0,0,0,0,0,4,,3.16,1,9,0,0,0,
401,J.A. Happ,35,TOT,AL,17,6,0.739,3.65,31,31,0,0,0,0,177.2,150,81,72,27,51,0,193,9,1,4,733,116,3.98,1.131,7.6,1.4,2.6,9.8,3.78
404,Blaine Hardy,31,DET,AL,4,5,0.444,3.56,30,13,5,0,0,1,86,79,37,34,10,22,1,66,2,0,2,351,124,3.97,1.174,8.3,1,2.3,6.9,3
405,Will Harris,33,HOU,AL,5,3,0.625,3.49,61,0,11,0,0,0,56.2,48,22,22,3,14,1,64,2,0,6,230,118,2.44,1.094,7.6,0.5,2.2,10.2,4.57
406,Donnie Hart,27,BAL,AL,0,0,,5.59,20,0,3,0,0,0,19.1,31,13,12,2,12,0,13,0,0,0,99,77,5.02,2.224,14.4,0.9,5.6,6.1,1.08
407,Matt Harvey,29,TOT,NL,7,9,0.438,4.94,32,28,2,0,0,0,155,165,87,85,27,37,2,131,6,1,2,663,84,4.57,1.303,9.6,1.6,2.1,7.6,3.54
410,Chris Hatcher,33,OAK,AL,3,3,0.5,4.95,34,0,14,0,0,0,36.1,43,23,20,7,17,1,30,1,0,0,167,84,5.5,1.651,10.7,1.7,4.2,7.4,1.76
411,Mike Hauschild,28,TOR,AL,1,1,0.5,4.32,2,1,0,0,0,0,8.1,7,4,4,0,4,0,5,2,0,0,36,101,4.12,1.32,7.6,0,4.3,5.4,1.25
412,Andrew Heaney,27,LAA,AL,9,10,0.474,4.15,30,30,0,1,1,0,180,171,91,83,27,45,0,180,8,0,9,749,102,3.99,1.2,8.6,1.4,2.3,9,4
413,Jeremy Hellickson,31,WSN,NL,5,3,0.625,3.45,19,19,0,0,0,0,91.1,78,41,35,11,20,1,65,8,1,2,370,122,4.22,1.073,7.7,1.1,2,6.4,3.25
414,Heath Hembree,29,BOS,AL,4,1,0.8,4.2,67,0,10,0,0,0,60,53,30,28,10,27,1,76,1,1,4,260,104,4.19,1.333,8,1.5,4.1,11.4,2.81
415,Kyle Hendricks,28,CHC,NL,14,11,0.56,3.44,33,33,0,0,0,0,199,184,82,76,22,44,4,161,9,0,0,812,121,3.78,1.146,8.3,1,2,7.3,3.66
416,Liam Hendriks,29,OAK,AL,0,1,0,4.13,25,8,1,0,0,0,24,25,11,11,3,10,0,22,1,0,1,104,101,4.33,1.458,9.4,1.1,3.8,8.3,2.2
417,David Hernandez,33,CIN,NL,5,2,0.714,2.53,57,0,6,0,0,0,64,46,20,18,6,17,1,65,5,2,3,254,168,3.38,0.984,6.5,0.8,2.4,9.1,3.82
418,Elieser Hernandez,23,MIA,NL,2,7,0.222,5.21,32,6,6,0,0,0,65.2,68,38,38,11,27,3,45,2,1,1,284,71,5.29,1.447,9.3,1.5,3.7,6.2,1.67
419,Enrique Hernandez,26,LAD,NL,0,1,0,81,1,0,1,0,0,0,0.1,1,3,3,1,2,0,0,0,0,0,4,11,60.16,9,27,27,54,0,0
420,Felix Hernandez,32,SEA,AL,8,14,0.364,5.55,29,28,0,0,0,0,155.2,159,107,96,27,59,0,125,12,0,11,685,73,5.18,1.4,9.2,1.6,3.4,7.2,2.12
421,Kelvin Herrera,28,TOT,MLB,2,3,0.4,2.44,48,0,32,0,0,17,44.1,43,12,12,6,10,0,38,1,1,0,184,178,3.95,1.195,8.7,1.2,2,7.7,3.8
424,David Hess,24,BAL,AL,3,10,0.231,4.88,21,19,1,0,0,0,103.1,106,64,56,22,37,2,74,8,1,3,454,87,5.8,1.384,9.2,1.9,3.2,6.4,2
425,Jordan Hicks,21,STL,NL,3,4,0.429,3.59,73,0,20,0,0,6,77.2,59,33,31,2,45,2,70,8,0,9,339,108,3.74,1.339,6.8,0.2,5.2,8.1,1.56
426,Trevor Hildenberger,27,MIN,AL,4,6,0.4,5.42,73,0,20,0,0,7,73,75,46,44,12,26,9,70,2,0,2,319,80,4.53,1.384,9.2,1.5,3.2,8.6,2.69
427,Rich Hill,38,LAD,NL,11,5,0.688,3.66,25,24,0,0,0,0,132.2,108,57,54,20,41,3,150,8,1,2,547,107,3.97,1.123,7.3,1.4,2.8,10.2,3.66
428,Tim Hill,28,KCR,AL,1,4,0.2,4.53,70,0,9,0,0,2,45.2,46,28,23,4,14,0,42,2,0,0,198,96,3.51,1.314,9.1,0.8,2.8,8.3,3
429,Yoshihisa Hirano,34,ARI,NL,4,3,0.571,2.44,75,0,10,0,0,3,66.1,49,22,18,6,23,4,59,2,1,6,262,174,3.69,1.085,6.6,0.8,3.1,8,2.57
430,Jeff Hoffman,25,COL,NL,0,0,,9.35,6,1,1,0,0,0,8.2,15,9,9,0,7,1,5,0,0,1,44,52,4.43,2.538,15.6,0,7.3,5.2,0.71
431,Bryan Holaday,30,MIA,NL,0,0,,13.5,2,0,2,0,0,0,2,4,3,3,1,0,0,1,0,0,0,10,33,8.66,2,18,4.5,0,4.5,
432,Jonathan Holder,25,NYY,AL,1,3,0.25,3.14,60,1,14,0,0,0,66,53,27,23,4,19,3,60,1,0,1,272,138,3.04,1.091,7.2,0.5,2.6,8.2,3.16
433,Derek Holland,31,SFG,NL,7,9,0.438,3.57,36,30,1,0,0,0,171.1,154,74,68,19,67,6,169,4,1,2,727,107,3.87,1.29,8.1,1,3.5,8.9,2.52
434,Greg Holland,32,TOT,NL,2,2,0.5,4.66,56,0,13,0,0,3,46.1,43,30,24,2,32,2,47,1,0,0,212,88,3.83,1.619,8.4,0.4,6.2,9.1,1.47
437,Clay Holmes,25,PIT,NL,1,3,0.25,6.84,11,4,6,0,0,0,26.1,30,21,20,2,23,1,21,2,0,4,129,58,5.4,2.013,10.3,0.7,7.9,7.2,0.91
438,J.J. Hoover,30,MIL,NL,0,1,0,20.25,2,0,2,0,0,0,1.1,4,3,3,1,2,0,0,0,0,0,10,26,17.41,4.5,27,6.8,13.5,0,0
439,Adrian Houser,25,MIL,NL,0,0,,3.29,7,0,5,0,0,0,13.2,13,5,5,0,7,0,8,1,0,1,59,128,3.75,1.463,8.6,0,4.6,5.3,1.14
440,Sam Howard,25,COL,NL,0,0,,2.25,4,0,4,0,0,0,4,5,1,1,0,3,0,1,1,0,0,20,227,5.66,2,11.3,0,6.8,2.3,0.33
441,James Hoyt,31,HOU,AL,0,0,,0,1,0,0,0,0,0,0.1,1,0,0,0,1,0,0,0,0,0,3,,12.16,6,27,0,27,0,0
442,Chih-Wei Hu,24,TBR,AL,0,0,,4.15,5,0,3,0,0,0,13,7,6,6,2,3,0,12,0,0,0,50,103,4.01,0.769,4.8,1.4,2.1,8.3,4
443,Dakota Hudson,23,STL,NL,4,1,0.8,2.63,26,0,2,0,0,0,27.1,19,9,8,0,18,0,19,1,0,2,118,149,3.86,1.354,6.3,0,5.9,6.3,1.06
444,Daniel Hudson,31,LAD,NL,3,2,0.6,4.11,40,1,11,0,0,0,46,38,25,21,6,18,1,44,4,0,3,197,96,4.38,1.217,7.4,1.2,3.5,8.6,2.44
445,Jared Hughes,32,CIN,NL,4,3,0.571,1.94,72,0,23,0,0,7,78.2,57,17,17,4,23,2,59,2,0,5,298,219,3.28,1.017,6.5,0.5,2.6,6.8,2.57
446,Phil Hughes,32,TOT,MLB,0,0,,6.34,23,2,14,0,0,0,32.2,44,23,23,11,10,1,32,1,0,0,152,65,6.59,1.653,12.1,3,2.8,8.8,3.2
449,Tommy Hunter,31,PHI,NL,5,4,0.556,3.8,65,0,10,0,0,4,64,65,28,27,6,15,1,51,3,0,1,270,111,3.63,1.25,9.1,0.8,2.1,7.2,3.4
450,Drew Hutchison,27,TOT,MLB,2,2,0.5,6.75,16,5,6,0,0,0,42.2,50,32,32,9,26,0,31,2,0,5,199,67,6.42,1.781,10.5,1.9,5.5,6.5,1.19
453,Raisel Iglesias,28,CIN,NL,2,5,0.286,2.38,66,0,57,0,0,30,72,52,22,19,12,25,2,80,2,0,2,291,179,4.23,1.069,6.5,1.5,3.1,10,3.2
454,Gregory Infante,30,CHW,AL,1,1,0.5,8,10,0,1,0,0,0,9,12,8,8,0,8,2,6,0,0,1,42,55,4.49,2.222,12,0,8,6,0.75
455,Edwin Jackson,34,OAK,AL,6,3,0.667,3.33,17,17,0,0,0,0,92,75,37,34,12,37,1,68,2,1,5,381,124,4.65,1.217,7.3,1.2,3.6,6.7,1.84
456,Luke Jackson,26,ATL,NL,1,2,0.333,4.43,35,0,11,0,0,1,40.2,41,22,20,3,21,3,46,2,1,6,184,92,3.55,1.525,9.1,0.7,4.6,10.2,2.19
457,Josh James,25,HOU,AL,2,0,1,2.35,6,3,0,0,0,0,23,15,6,6,3,7,0,29,2,0,0,91,177,3.51,0.957,5.9,1.2,2.7,11.3,4.14
458,Kenley Jansen,30,LAD,NL,1,5,0.167,3.01,69,0,59,0,0,38,71.2,54,28,24,13,17,1,82,2,2,0,289,130,4.03,0.991,6.8,1.6,2.1,10.3,4.82
459,Jeremy Jeffress,30,MIL,NL,8,1,0.889,1.29,73,0,24,0,0,15,76.2,49,12,11,5,27,4,89,1,0,4,299,320,2.78,0.991,5.8,0.6,3.2,10.4,3.3
460,Dan Jennings,31,MIL,NL,4,5,0.444,3.22,72,1,11,0,0,1,64.1,66,27,23,6,23,1,45,1,1,2,271,128,4.09,1.383,9.2,0.8,3.2,6.3,1.96
461,Kevin Jepsen,33,TEX,AL,0,3,0,5.94,21,0,3,0,0,0,16.2,15,13,11,4,11,1,8,1,0,0,77,81,7.48,1.56,8.1,2.2,5.9,4.3,0.73
462,Williams Jerez,26,LAA,AL,0,0,,6,17,0,1,0,0,0,15,17,14,10,3,8,0,15,0,0,2,71,72,5.36,1.667,10.2,1.8,4.8,9,1.88
463,Jake Jewell,25,LAA,AL,0,1,0,9,3,0,1,0,0,0,2,2,2,2,0,1,0,1,2,0,1,11,56,6.66,1.5,9,0,4.5,4.5,1
464,Joe Jimenez,23,DET,AL,5,4,0.556,4.31,68,0,17,0,0,3,62.2,53,34,30,5,22,3,78,3,0,3,267,103,2.91,1.197,7.6,0.7,3.2,11.2,3.55
465,Brian Johnson,27,BOS,AL,4,5,0.444,4.17,38,13,10,0,0,0,99.1,104,49,46,16,38,0,87,1,0,1,434,105,4.68,1.43,9.4,1.4,3.4,7.9,2.29
466,DJ Johnson,28,COL,NL,1,0,1,4.26,7,0,3,0,0,0,6.1,6,3,3,0,2,0,9,0,0,0,27,116,1.27,1.263,8.5,0,2.8,12.8,4.5
467,Jim Johnson,35,LAA,AL,5,3,0.625,3.84,62,1,14,0,0,2,63.1,64,38,27,9,22,1,45,1,0,5,268,111,4.68,1.358,9.1,1.3,3.1,6.4,2.05
468,Pierce Johnson,27,SFG,NL,3,2,0.6,5.56,37,0,7,0,0,0,43.2,38,27,27,5,22,1,36,0,0,1,186,69,4.51,1.374,7.8,1,4.5,7.4,1.64
469,Nate Jones,32,CHW,AL,2,2,0.5,3,33,0,15,0,0,5,30,28,14,10,4,15,0,32,3,0,2,137,143,4.56,1.433,8.4,1.2,4.5,9.6,2.13
470,Jakob Junis,25,KCR,AL,9,12,0.429,4.37,30,30,0,1,0,0,177,182,94,86,32,43,1,164,15,0,9,758,99,4.64,1.271,9.3,1.6,2.2,8.3,3.81
471,Ariel Jurado,22,TEX,AL,5,5,0.5,5.93,12,8,0,0,0,0,54.2,66,36,36,7,18,1,22,0,0,0,241,80,5.01,1.537,10.9,1.2,3,3.6,1.22
472,Tommy Kahnle,28,NYY,AL,2,0,1,6.56,24,0,7,0,0,1,23.1,23,22,17,3,15,0,30,0,0,2,107,67,4.19,1.629,8.9,1.2,5.8,11.6,2
473,Keone Kela,25,TOT,MLB,3,4,0.429,3.29,54,0,36,0,0,24,52,38,19,19,5,19,2,66,0,2,6,212,138,2.97,1.096,6.6,0.9,3.3,11.4,3.47
476,Brad Keller,22,KCR,AL,9,6,0.6,3.08,41,20,2,1,0,0,140.1,133,50,48,7,50,1,96,2,0,8,583,140,3.55,1.304,8.5,0.4,3.2,6.2,1.92
477,Shawn Kelley,34,TOT,MLB,2,0,1,2.94,54,0,15,0,0,0,49,33,16,16,7,11,3,50,1,0,2,190,144,3.71,0.898,6.1,1.3,2,9.2,4.55
480,Casey Kelly,28,SFG,NL,0,3,0,3.04,7,3,4,0,0,0,23.2,28,10,8,3,5,1,16,1,1,0,104,128,4.22,1.394,10.6,1.1,1.9,6.1,3.2
481,Joe Kelly,30,BOS,AL,4,2,0.667,4.39,73,0,9,0,0,2,65.2,57,34,32,4,32,0,68,5,0,4,285,100,3.57,1.355,7.8,0.5,4.4,9.3,2.13
482,Brett Kennedy,23,SDP,NL,1,2,0.333,6.75,6,6,0,0,0,0,26.2,36,20,20,6,12,1,18,2,0,1,128,58,6.31,1.8,12.2,2,4.1,6.1,1.5
483,Ian Kennedy,33,KCR,AL,3,9,0.25,4.66,22,22,0,0,0,0,119.2,125,66,62,20,40,2,105,1,0,4,518,93,4.61,1.379,9.4,1.5,3,7.9,2.63
484,Clayton Kershaw,30,LAD,NL,9,5,0.643,2.73,26,26,0,0,0,0,161.1,139,55,49,17,29,0,155,2,0,10,650,143,3.19,1.041,7.8,0.9,1.6,8.6,5.34
485,Dallas Keuchel,30,HOU,AL,12,11,0.522,3.74,34,34,0,1,0,0,204.2,211,92,85,18,58,0,153,2,0,9,874,110,3.69,1.314,9.3,0.8,2.6,6.7,2.64
486,Dean Kiekhefer,29,OAK,AL,0,0,,18,4,0,0,0,0,0,2,7,4,4,1,1,1,1,0,0,1,14,27,10.16,4,31.5,4.5,4.5,4.5,1
487,Craig Kimbrel,30,BOS,AL,5,1,0.833,2.74,63,0,57,0,0,42,62.1,31,19,19,7,31,0,96,2,0,7,247,160,3.13,0.995,4.5,1,4.5,13.9,3.1
488,Scott Kingery,24,PHI,NL,0,0,,13.5,1,0,1,0,0,0,1.1,4,2,2,0,0,0,0,0,0,0,8,40,3.16,3,27,0,0,0,
489,Nick Kingham,26,PIT,NL,5,7,0.417,5.21,18,15,1,0,0,0,76,79,50,44,18,26,3,69,5,1,3,342,75,5.65,1.382,9.4,2.1,3.1,8.2,2.65
490,Tyler Kinley,27,TOT,MLB,0,0,,12.27,13,0,4,0,0,0,11,15,15,15,2,8,2,13,1,0,3,57,34,5.62,2.091,12.3,1.6,6.5,10.6,1.63
493,Brandon Kintzler,33,TOT,NL,3,3,0.5,4.6,70,0,15,0,0,2,60.2,67,31,31,5,22,5,43,4,0,1,263,92,4.1,1.467,9.9,0.7,3.3,6.4,1.95
496,Andrew Kittredge,28,TBR,AL,3,2,0.6,7.75,33,3,4,0,0,0,38.1,54,34,33,7,17,5,30,1,0,1,181,54,5.38,1.852,12.7,1.6,4,7,1.76
497,Corey Kluber,32,CLE,AL,20,7,0.741,2.89,33,33,0,2,1,0,215,179,75,69,25,34,0,222,3,0,2,842,153,3.12,0.991,7.5,1,1.4,9.3,6.53
498,Corey Knebel,26,MIL,NL,4,3,0.571,3.58,57,0,29,0,0,16,55.1,38,23,22,7,22,0,88,4,0,0,223,116,3.03,1.084,6.2,1.1,3.6,14.3,4
499,Matt Koch,27,ARI,NL,5,5,0.5,4.15,19,14,4,0,0,0,86.2,88,43,40,19,22,1,50,6,0,3,360,102,5.83,1.269,9.1,2,2.3,5.2,2.27
500,Adam Kolarek,29,TBR,AL,1,0,1,3.93,31,0,5,0,0,2,34.1,38,15,15,0,5,1,19,1,0,0,141,106,2.58,1.252,10,0,1.3,5,3.8
501,George Kontos,33,TOT,MLB,2,3,0.4,4.39,28,0,10,0,0,1,26.2,27,14,13,5,7,0,15,3,0,1,116,96,5.6,1.275,9.1,1.7,2.4,5.1,2.14
506,Michael Kopech,22,CHW,AL,1,1,0.5,5.02,4,4,0,0,0,0,14.1,20,8,8,4,2,0,15,5,0,1,68,86,6.16,1.535,12.6,2.5,1.3,9.4,7.5
507,Erik Kratz,38,MIL,NL,0,0,,3,3,0,3,0,0,0,3,3,2,1,0,1,0,2,0,0,0,12,154,2.83,1.333,9,0,3,6,2
508,Joey Krehbiel,25,ARI,NL,0,0,,0,2,0,1,0,0,0,3,1,0,0,0,2,0,0,0,0,0,12,,5.16,1,3,0,6,0,0
509,Ian Krol,27,LAA,AL,0,0,,0,1,0,0,0,0,0,2,1,0,0,0,1,0,2,0,0,0,8,,2.66,1,4.5,0,4.5,9,2
510,Chad Kuhl,25,PIT,NL,5,5,0.5,4.55,16,16,0,0,0,0,85,89,47,43,14,33,1,81,4,0,7,373,86,4.7,1.435,9.4,1.5,3.5,8.6,2.45
511,Tommy La Stella,29,CHC,NL,0,0,,6.75,1,0,0,0,0,0,1.1,3,1,1,1,0,0,0,0,0,0,6,79,12.91,2.25,20.3,6.8,0,0,
512,Ryan LaMarre,29,TOT,AL,0,0,,13.5,1,0,1,0,0,0,0.2,1,1,1,1,0,0,0,0,0,0,3,66,22.66,1.5,13.5,13.5,0,0,
514,John Lamb,27,LAA,AL,0,1,0,7.2,3,3,0,0,0,0,10,15,10,8,4,4,1,11,0,0,0,50,61,7.36,1.9,13.5,3.6,3.6,9.9,2.75
515,Eric Lauer,23,SDP,NL,6,7,0.462,4.34,23,23,0,0,0,0,112,127,61,54,15,46,2,100,6,1,2,504,89,4.51,1.545,10.2,1.2,3.7,8,2.17
516,Derek Law,27,SFG,NL,1,0,1,7.43,7,0,4,0,0,0,13.1,16,13,11,2,8,0,12,1,0,1,66,53,5.34,1.8,10.8,1.4,5.4,8.1,1.5
517,Casey Lawrence,30,SEA,AL,1,0,1,7.33,11,0,5,0,0,0,23.1,28,19,19,2,10,1,14,2,0,1,106,56,4.62,1.629,10.8,0.8,3.9,5.4,1.4
518,Mike Leake,30,SEA,AL,10,10,0.5,4.36,31,31,0,0,0,0,185.2,207,98,90,23,34,3,119,6,0,2,784,92,4.14,1.298,10,1.1,1.6,5.8,3.5
519,Wade LeBlanc,33,SEA,AL,9,5,0.643,3.72,32,27,5,0,0,0,162,151,74,67,24,40,1,130,3,0,1,662,108,4.28,1.179,8.4,1.3,2.2,7.2,3.25
520,Jose Leclerc,24,TEX,AL,2,3,0.4,1.56,59,0,21,0,0,12,57.2,24,16,10,1,25,1,85,3,0,2,223,305,1.9,0.85,3.7,0.2,3.9,13.3,3.4
521,Mark Leiter Jr.,27,TOT,MLB,0,1,0,7.71,20,0,4,0,0,0,23.1,35,28,20,7,12,3,22,2,0,2,123,56,6.98,2.014,13.5,2.7,4.6,8.5,1.83
524,Dominic Leone,26,STL,NL,1,2,0.333,4.5,29,0,8,0,0,0,24,27,12,12,3,8,3,26,0,0,0,106,87,3.62,1.458,10.1,1.1,3,9.8,3.25
525,Jon Lester,34,CHC,NL,18,6,0.75,3.32,32,32,0,0,0,0,181.2,174,75,67,24,64,1,149,6,0,4,761,125,4.39,1.31,8.6,1.2,3.2,7.4,2.33
526,Artie Lewicki,26,DET,AL,0,2,0,4.89,13,3,6,0,0,0,38.2,48,24,21,4,14,1,30,1,0,0,170,91,4.12,1.603,11.2,0.9,3.3,7,2.14
527,Adam Liberatore,31,LAD,NL,2,1,0.667,2.77,17,0,4,0,0,0,13,10,4,4,1,8,0,12,1,0,0,54,145,4.39,1.385,6.9,0.7,5.5,8.3,1.5
528,Francisco Liriano,34,DET,AL,5,12,0.294,4.58,27,26,0,0,0,0,133.2,127,84,68,19,73,0,110,5,0,9,586,96,5.11,1.496,8.6,1.3,4.9,7.4,1.51
529,Zack Littell,22,MIN,AL,0,2,0,6.2,8,2,1,0,0,0,20.1,25,17,14,3,11,0,14,4,0,0,101,71,5.92,1.77,11.1,1.3,4.9,6.2,1.27
530,Ben Lively,26,TOT,MLB,0,3,0,5.64,10,5,1,0,0,0,30.1,41,19,19,4,15,1,27,3,0,0,145,77,4.88,1.846,12.2,1.2,4.5,8,1.8
533,Jonathan Loaisiga,23,NYY,AL,2,0,1,5.11,9,4,2,0,0,0,24.2,26,17,14,3,12,0,33,0,0,0,108,86,3.53,1.541,9.5,1.1,4.4,12,2.75
534,Walker Lockett,24,SDP,NL,0,3,0,9.6,4,3,1,0,0,0,15,22,16,16,4,10,1,12,0,0,0,76,41,7.03,2.133,13.2,2.4,6,7.2,1.2
535,Boone Logan,33,MIL,NL,1,0,1,5.91,16,0,4,0,0,0,10.2,15,7,7,3,10,3,14,1,0,1,58,72,7.29,2.344,12.7,2.5,8.4,11.8,1.4
536,Jorge Lopez,25,TOT,MLB,2,5,0.286,5.03,17,7,8,0,0,0,53.2,57,30,30,6,22,1,38,1,0,3,234,85,4.48,1.472,9.6,1,3.7,6.4,1.73
539,Pablo Lopez,22,MIA,NL,2,4,0.333,4.14,10,10,0,0,0,0,58.2,56,28,27,8,18,5,46,4,0,2,247,89,4.49,1.261,8.6,1.2,2.8,7.1,2.56
540,Reynaldo Lopez,24,CHW,AL,7,10,0.412,3.91,32,32,0,0,0,0,188.2,165,88,82,25,75,1,151,10,3,7,799,108,4.63,1.272,7.9,1.2,3.6,7.2,2.01
541,Yoan Lopez,25,ARI,NL,0,0,,3,10,0,5,0,0,0,9,7,3,3,2,1,0,11,0,0,0,35,147,3.94,0.889,7,2,1,11,11
542,Michael Lorenzen,26,CIN,NL,4,2,0.667,3.11,45,3,10,0,0,1,81,78,32,28,6,34,2,54,3,0,2,344,137,4.16,1.383,8.7,0.7,3.8,6,1.59
543,Aaron Loup,30,TOT,MLB,0,0,,4.54,59,0,8,0,0,0,39.2,48,23,20,4,14,0,44,4,0,0,183,94,3.61,1.563,10.9,0.9,3.2,10,3.14
546,Josh Lucas,27,OAK,AL,0,0,,6.28,8,1,4,0,0,0,14.1,16,11,10,1,9,0,14,1,0,0,66,67,4.21,1.744,10,0.6,5.7,8.8,1.56
547,Joey Lucchesi,25,SDP,NL,8,9,0.471,4.08,26,26,0,0,0,0,130,125,63,59,23,43,2,145,4,0,4,548,94,4.31,1.292,8.7,1.6,3,10,3.37
548,Seth Lugo,28,NYM,NL,3,4,0.429,2.66,54,5,13,0,0,3,101.1,81,36,30,9,28,4,103,2,1,2,410,138,3.17,1.076,7.2,0.8,2.5,9.1,3.68
549,Jordan Lyles,27,TOT,NL,3,4,0.429,4.11,35,8,10,0,0,0,87.2,83,42,40,12,28,3,84,3,0,5,371,95,4.08,1.266,8.5,1.2,2.9,8.6,3
552,Lance Lynn,31,TOT,AL,10,10,0.5,4.77,31,29,0,0,0,0,156.2,163,87,83,14,76,3,161,6,0,5,700,91,3.84,1.526,9.4,0.8,4.4,9.2,2.12
555,Tyler Lyons,30,STL,NL,1,0,1,8.64,27,0,2,0,0,0,16.2,24,16,16,3,8,2,19,2,0,2,83,46,5.02,1.92,13,1.6,4.3,10.3,2.38
556,Ryan Madson,37,TOT,NL,2,5,0.286,5.47,58,0,11,0,0,4,52.2,58,34,32,7,16,2,54,4,0,3,231,77,3.98,1.405,9.9,1.2,2.7,9.2,3.38
559,Kenta Maeda,30,LAD,NL,8,10,0.444,3.81,39,20,4,0,0,2,125.1,115,58,53,13,43,4,153,5,2,2,532,103,3.22,1.261,8.3,0.9,3.1,11,3.56
560,Matt Magill,28,MIN,AL,3,3,0.5,3.81,40,0,9,0,0,0,56.2,58,24,24,11,23,0,56,3,0,0,249,114,5.08,1.429,9.2,1.7,3.7,8.9,2.43
561,Tyler Mahle,23,CIN,NL,7,9,0.438,4.98,23,23,0,0,0,0,112,125,68,62,22,53,7,110,3,0,1,507,85,5.25,1.589,10,1.8,4.3,8.8,2.08
562,Kazuhisa Makita,33,SDP,NL,0,1,0,5.4,27,0,9,0,0,0,35,32,23,21,7,12,2,37,2,0,0,149,72,4.85,1.257,8.2,1.8,3.1,9.5,3.08
563,Sean Manaea,26,OAK,AL,12,9,0.571,3.59,27,27,0,1,1,0,160.2,141,67,64,21,32,1,108,8,0,9,654,115,4.26,1.077,7.9,1.2,1.8,6,3.38
564,Brandon Mann,34,TEX,AL,0,0,,5.4,7,0,4,0,0,0,8.1,7,5,5,1,4,0,3,2,0,1,36,91,6.16,1.32,7.6,1.1,4.3,3.2,0.75
565,Dillon Maples,26,CHC,NL,1,0,1,11.81,9,0,1,0,0,0,5.1,7,7,7,2,5,0,9,2,0,2,29,38,8.6,2.25,11.8,3.4,8.4,15.2,1.8
566,Jhan Marinez,29,BAL,AL,0,0,,5.63,8,0,2,0,0,0,8,9,6,5,1,9,0,3,0,0,0,40,79,7.41,2.25,10.1,1.1,10.1,3.4,0.33
567,German Marquez,23,COL,NL,14,11,0.56,3.77,33,33,0,0,0,0,196,179,90,82,24,57,5,230,8,0,8,817,125,3.4,1.204,8.2,1.1,2.6,10.6,4.04
568,Evan Marshall,28,CLE,AL,0,0,,7.71,10,0,1,0,0,0,7,12,6,6,0,4,0,9,1,0,1,37,60,2.73,2.286,15.4,0,5.1,11.6,2.25
569,Chris Martin,32,TEX,AL,1,5,0.167,4.54,46,0,8,0,0,0,41.2,46,21,21,5,5,2,37,3,0,4,177,105,3.52,1.224,9.9,1.1,1.1,8,7.4
570,Carlos Martinez,26,STL,NL,8,6,0.571,3.11,33,18,9,0,0,5,118.2,100,48,41,5,60,4,117,11,0,5,521,125,3.53,1.348,7.6,0.4,4.6,8.9,1.95
571,Jeff Mathis,35,ARI,NL,0,1,0,9,1,0,1,0,0,0,1,1,1,1,1,0,0,1,0,0,0,4,64,14.16,1,9,9,0,9,
572,Phil Maton,25,SDP,NL,0,2,0,4.37,45,0,12,0,0,0,47.1,50,25,23,3,23,1,55,2,0,4,214,88,3.25,1.542,9.5,0.6,4.4,10.5,2.39
573,Steven Matz,27,NYM,NL,5,11,0.313,3.97,30,30,0,0,0,0,154,134,77,68,25,58,2,152,10,0,0,654,93,4.62,1.247,7.8,1.5,3.4,8.9,2.62
574,Brandon Maurer,27,KCR,AL,0,4,0,7.76,37,0,9,0,0,1,31.1,42,29,27,7,25,2,31,1,0,2,160,56,6.58,2.138,12.1,2,7.2,8.9,1.24
575,Trevor May,28,MIN,AL,4,1,0.8,3.2,24,1,6,0,0,3,25.1,21,9,9,4,5,0,36,1,0,1,103,137,3.08,1.026,7.5,1.4,1.8,12.8,7.2
576,Mike Mayers,26,STL,NL,2,1,0.667,4.7,50,0,15,0,0,1,51.2,59,28,27,7,15,1,49,1,0,4,226,83,3.95,1.432,10.3,1.2,2.6,8.5,3.27
577,Tim Mayza,26,TOR,AL,2,0,1,3.28,37,0,9,0,0,0,35.2,33,13,13,3,14,4,40,2,0,2,151,129,3.36,1.318,8.3,0.8,3.5,10.1,2.86
578,Cory Mazzoni,28,CHC,NL,1,0,1,1.04,8,0,4,0,0,0,8.2,5,1,1,0,5,1,7,0,0,0,36,417,3.28,1.154,5.2,0,5.2,7.3,1.4
579,Zach McAllister,30,TOT,AL,1,2,0.333,6.2,44,0,14,0,0,0,45,57,33,31,8,10,1,39,1,0,3,199,72,4.47,1.489,11.4,1.6,2,7.8,3.9
582,Brandon McCarthy,34,ATL,NL,6,3,0.667,4.92,15,15,0,0,0,0,78.2,94,45,43,15,21,0,65,0,0,2,339,82,4.79,1.462,10.8,1.7,2.4,7.4,3.1
583,Kevin McCarthy,26,KCR,AL,5,4,0.556,3.25,65,0,10,0,0,0,72,70,28,26,7,20,2,46,2,0,2,293,133,4.06,1.25,8.8,0.9,2.5,5.8,2.3
584,Adam McCreery,25,ATL,NL,0,0,,18,1,0,1,0,0,0,1,4,2,2,0,0,0,2,0,0,0,7,31,-0.84,4,36,0,0,18,
585,Lance McCullers Jr.,24,HOU,AL,10,6,0.625,3.86,25,22,0,0,0,0,128.1,100,60,55,12,50,0,142,7,1,14,527,107,3.5,1.169,7,0.8,3.5,10,2.84
586,T.J. McFarland,29,ARI,NL,2,2,0.5,2,47,0,21,0,0,1,72,64,18,16,4,22,3,42,0,0,2,292,213,3.63,1.194,8,0.5,2.8,5.3,1.91
587,Jake McGee,31,COL,NL,2,4,0.333,6.49,61,0,9,0,0,1,51.1,59,39,37,10,16,1,47,2,0,5,227,73,4.91,1.461,10.3,1.8,2.8,8.2,2.94
588,Kyle McGowin,26,WSN,NL,0,0,,5.87,5,1,2,0,0,0,7.2,6,5,5,2,5,0,8,0,0,2,34,75,6.42,1.435,7,2.3,5.9,9.4,1.6
589,Kyle McGrath,25,SDP,NL,0,0,,4.5,4,0,1,0,0,0,4,3,2,2,2,3,0,4,0,0,0,18,94,9.91,1.5,6.8,4.5,6.8,9,1.33
590,Deck McGuire,29,TOT,AL,0,2,0,6.16,21,4,9,0,0,0,38,38,28,26,9,26,0,33,5,0,2,177,70,6.95,1.684,9,2.1,6.2,7.8,1.27
593,Collin McHugh,31,HOU,AL,6,2,0.75,1.99,58,0,18,0,0,0,72.1,45,18,16,6,21,0,94,5,0,0,283,207,2.72,0.912,5.6,0.7,2.6,11.7,4.48
594,Alex McRae,25,PIT,NL,0,1,0,5.68,2,0,0,0,0,0,6.1,8,4,4,0,5,0,5,1,0,2,32,73,4.42,2.053,11.4,0,7.1,7.1,1
595,John Means,25,BAL,AL,0,0,,13.5,1,0,0,0,0,0,3.1,6,5,5,1,0,0,4,0,0,0,16,35,4.66,1.8,16.2,2.7,0,10.8,
596,Kris Medlen,32,ARI,NL,0,1,0,15.75,1,1,0,0,0,0,4,9,7,7,0,4,0,4,0,0,2,25,29,4.16,3.25,20.3,0,9,9,1
597,Ryan Meisinger,24,BAL,AL,2,1,0.667,6.43,18,1,2,0,0,0,21,18,15,15,6,10,0,21,0,0,4,87,67,6.3,1.333,7.7,2.6,4.3,9,2.1
598,Adalberto Mejia,25,MIN,AL,2,0,1,2.01,5,4,1,0,0,0,22.1,17,5,5,1,9,0,13,2,0,2,92,217,4.06,1.164,6.9,0.4,3.6,5.2,1.44
599,Mark Melancon,33,SFG,NL,1,4,0.2,3.23,41,0,8,0,0,3,39,48,18,14,2,14,2,31,1,0,4,174,120,3.39,1.59,11.1,0.5,3.2,7.2,2.21
600,Keury Mella,24,CIN,NL,0,0,,8.68,4,0,1,0,0,0,9.1,13,9,9,4,8,0,8,1,0,1,48,51,9.91,2.25,12.5,3.9,7.7,7.7,1
601,Yohander Mendez,23,TEX,AL,2,2,0.5,5.53,8,5,1,0,0,0,27.2,28,18,17,4,15,0,18,0,0,0,121,87,5.37,1.554,9.1,1.3,4.9,5.9,1.2
602,Daniel Mengden,25,OAK,AL,7,6,0.538,4.05,22,17,0,1,1,0,115.2,103,58,52,18,26,0,72,3,0,6,476,102,4.69,1.115,8,1.4,2,5.6,2.77
603,Ben Meyer,25,MIA,NL,0,0,,10.42,13,0,7,0,0,0,19,26,23,22,2,14,2,9,4,0,1,97,36,6.42,2.105,12.3,0.9,6.6,4.3,0.64
604,Keynan Middleton,24,LAA,AL,0,0,,2.04,16,0,9,0,0,6,17.2,14,4,4,1,9,1,16,1,0,1,71,212,3.78,1.302,7.1,0.5,4.6,8.2,1.78
605,Miles Mikolas,29,STL,NL,18,4,0.818,2.83,32,32,0,1,1,0,200.2,186,70,63,16,29,4,146,7,1,2,808,137,3.28,1.071,8.3,0.7,1.3,6.5,5.03
606,Wade Miley,31,MIL,NL,5,2,0.714,2.57,16,16,0,0,0,0,80.2,71,28,23,3,27,1,50,5,0,1,338,161,3.59,1.215,7.9,0.3,3,5.6,1.85
607,Andrew Miller,33,CLE,AL,2,4,0.333,4.24,37,0,5,0,0,2,34,31,16,16,3,16,1,45,5,0,1,154,105,3.51,1.382,8.2,0.8,4.2,11.9,2.81
608,Justin Miller,31,WSN,NL,7,1,0.875,3.61,51,0,10,0,0,2,52.1,42,22,21,10,17,1,60,2,0,1,215,117,4.44,1.127,7.2,1.7,2.9,10.3,3.53
609,Shelby Miller,27,ARI,NL,0,4,0,10.69,5,4,0,0,0,0,16,24,21,19,5,8,0,19,0,0,1,79,40,6.35,2,13.5,2.8,4.5,10.7,2.38
610,Alec Mills,26,CHC,NL,0,1,0,4,7,2,1,0,0,0,18,11,8,8,1,7,0,23,0,0,1,71,106,2.49,1,5.5,0.5,3.5,11.5,3.29
611,Hoby Milner,27,TOT,MLB,0,0,,7.36,14,0,3,0,0,0,7.1,9,8,6,3,5,1,8,1,1,0,38,62,8.75,1.909,11,3.7,6.1,9.8,1.6
614,Tommy Milone,31,WSN,NL,1,1,0.5,5.81,5,4,1,0,0,0,26.1,37,17,17,7,1,0,23,1,0,0,118,73,5.1,1.443,12.6,2.4,0.3,7.9,23
615,Juan Minaya,27,CHW,AL,2,2,0.5,3.28,52,0,9,0,0,1,46.2,39,19,17,3,29,3,58,3,0,9,209,130,3.57,1.457,7.5,0.6,5.6,11.2,2
616,Mike Minor,30,TEX,AL,12,8,0.6,4.18,28,28,0,0,0,0,157,138,76,73,25,38,1,132,8,1,3,640,114,4.43,1.121,7.9,1.4,2.2,7.6,3.47
617,A.J. Minter,24,ATL,NL,4,3,0.571,3.23,65,0,31,0,0,15,61.1,57,23,22,3,22,1,69,2,0,5,260,126,2.72,1.288,8.4,0.4,3.2,10.1,3.14
618,Ariel Miranda,29,SEA,AL,0,0,,1.8,1,1,0,0,0,0,5,6,1,1,0,4,0,5,0,0,0,24,240,3.56,2,10.8,0,7.2,9,1.25
619,Bryan Mitchell,27,SDP,NL,2,4,0.333,5.42,16,11,2,0,0,0,73,85,45,44,12,43,1,38,2,0,1,337,71,6.11,1.753,10.5,1.5,5.3,4.7,0.88
620,Frankie Montas,25,OAK,AL,5,4,0.556,3.88,13,11,1,0,0,0,65,74,34,28,5,21,0,43,2,0,5,283,106,3.9,1.462,10.2,0.7,2.9,6,2.05
621,Jordan Montgomery,25,NYY,AL,2,0,1,3.62,6,6,0,0,0,0,27.1,25,11,11,3,12,0,23,0,0,0,116,121,4.22,1.354,8.2,1,4,7.6,1.92
622,Mike Montgomery,28,CHC,NL,5,6,0.455,3.99,38,19,6,0,0,0,124,131,58,55,10,39,4,86,7,0,4,534,104,3.94,1.371,9.5,0.7,2.8,6.2,2.21
623,Matt Moore,29,TEX,AL,3,8,0.273,6.79,39,12,10,0,0,0,102,128,82,77,19,41,1,86,5,0,6,471,70,5.25,1.657,11.3,1.7,3.6,7.6,2.1
624,Kendrys Morales,35,TOR,AL,0,0,,0,1,0,1,0,0,0,1,0,0,0,0,1,0,0,0,0,0,4,,6.16,1,0,0,9,0,0
625,Osmer Morales,25,LAA,AL,0,0,,0,1,0,1,0,0,0,0.1,1,0,0,0,0,0,0,0,0,1,2,,3.16,3,27,0,0,0,
626,Adam Morgan,28,PHI,NL,0,2,0,3.83,67,0,9,0,0,1,49.1,49,25,21,5,22,3,50,0,1,3,214,110,3.79,1.439,8.9,0.9,4,9.1,2.27
627,Mike Morin,27,SEA,AL,0,0,,6.75,3,0,1,0,0,0,4,6,3,3,0,1,1,6,0,0,0,18,65,0.91,1.75,13.5,0,2.3,13.5,6
628,Reyes Moronta,25,SFG,NL,5,2,0.714,2.49,69,0,9,0,0,1,65,34,20,18,4,37,4,79,0,0,5,262,155,3.24,1.092,4.7,0.6,5.1,10.9,2.14
629,Akeel Morris,25,LAA,AL,0,0,,5.79,9,0,7,0,0,0,14,18,9,9,3,8,0,7,0,0,1,65,75,6.66,1.857,11.6,1.9,5.1,4.5,0.88
630,Brandon Morrow,33,CHC,NL,0,0,,1.47,35,0,30,0,0,22,30.2,24,5,5,2,9,0,31,1,0,1,122,286,2.97,1.076,7,0.6,2.6,9.1,3.44
631,Charlie Morton,34,HOU,AL,15,3,0.833,3.13,30,30,0,0,0,0,167,130,63,58,18,64,0,201,16,0,4,695,131,3.59,1.162,7,1,3.4,10.8,3.14
632,Taylor Motter,28,TOT,AL,0,0,,9,1,0,1,0,0,0,1,1,1,1,1,1,0,1,1,0,0,6,79,20.16,2,9,9,9,9,1
634,Gabriel Moya,23,MIN,AL,3,1,0.75,4.71,35,6,5,0,0,0,36.1,35,19,19,6,13,0,31,1,0,1,159,93,4.76,1.321,8.7,1.5,3.2,7.7,2.38
635,Peter Moylan,39,ATL,NL,0,1,0,4.45,39,0,6,0,0,0,28.1,32,14,14,4,18,3,23,2,0,3,129,92,5.49,1.765,10.2,1.3,5.7,7.3,1.28
636,Harrison Musgrave,26,COL,NL,2,3,0.4,4.63,35,0,8,0,0,0,44.2,36,23,23,7,22,2,32,1,1,2,185,102,5.31,1.299,7.3,1.4,4.4,6.4,1.45
637,Joe Musgrove,25,PIT,NL,6,9,0.4,4.06,19,19,0,0,0,0,115.1,113,56,52,12,23,3,100,8,0,5,486,97,3.59,1.179,8.8,0.9,1.8,7.8,4.35
638,Zach Neal,29,LAD,NL,0,0,,9,1,0,1,0,0,0,1,2,1,1,1,0,0,0,0,0,0,5,60,16.16,2,18,9,0,0,
639,Hector Neris,29,PHI,NL,1,3,0.25,5.1,53,0,28,0,0,11,47.2,46,27,27,11,16,1,76,1,0,5,203,83,4.04,1.301,8.7,2.1,3,14.3,4.75
640,Pat Neshek,37,PHI,NL,3,2,0.6,2.59,30,0,8,0,0,5,24.1,23,9,7,2,5,1,15,0,0,1,101,164,3.61,1.151,8.5,0.7,1.8,5.5,3
641,Dovydas Neverauskas,25,PIT,NL,0,0,,8,25,0,8,0,0,0,27,30,25,24,9,10,0,27,1,0,2,119,50,6.72,1.481,10,3,3.3,9,2.7
642,Jake Newberry,23,KCR,AL,2,0,1,4.73,14,0,3,0,0,0,13.1,13,8,7,3,9,0,11,0,0,1,60,94,6.46,1.65,8.8,2,6.1,7.4,1.22
643,Sean Newcomb,25,ATL,NL,12,9,0.571,3.9,31,30,0,0,0,0,164,137,74,71,18,81,1,160,1,0,4,696,104,4.14,1.329,7.5,1,4.4,8.8,1.98
644,Juan Nicasio,31,SEA,AL,1,6,0.143,6,46,0,6,0,0,1,42,53,30,28,6,5,0,53,2,0,0,183,68,2.99,1.381,11.4,1.3,1.1,11.4,10.6
645,Jacob Nix,22,SDP,NL,2,5,0.286,7.02,9,9,0,0,0,0,42.1,52,33,33,8,13,0,21,4,0,4,190,55,5.83,1.535,11.1,1.7,2.8,4.5,1.62
646,Aaron Nola,25,PHI,NL,17,6,0.739,2.37,33,33,0,0,0,0,212.1,149,57,56,17,58,3,224,7,1,4,831,177,3.01,0.975,6.3,0.7,2.5,9.5,3.86
647,Bud Norris,33,STL,NL,3,6,0.333,3.59,64,0,42,0,0,28,57.2,51,27,23,8,21,3,67,5,0,9,245,109,3.99,1.249,8,1.2,3.3,10.5,3.19
648,Daniel Norris,25,DET,AL,0,5,0,5.68,11,8,0,0,0,0,44.1,46,28,28,8,19,0,51,2,1,2,200,78,4.63,1.466,9.3,1.6,3.9,10.4,2.68
649,James Norwood,24,CHC,NL,0,1,0,4.09,11,0,5,0,0,0,11,14,7,5,0,5,0,10,0,0,1,54,105,2.71,1.727,11.5,0,4.1,8.2,2
650,Ivan Nova,31,PIT,NL,9,9,0.5,4.19,29,29,0,0,0,0,161,171,82,75,26,35,4,114,4,1,9,683,93,4.57,1.28,9.6,1.5,2,6.4,3.26
651,Vidal Nuno III,30,TBR,AL,3,0,1,1.64,17,0,8,0,0,0,33,24,7,6,5,10,3,29,2,1,0,134,256,4.46,1.03,6.5,1.4,2.7,7.9,2.9
652,Darren O'Day,35,BAL,AL,0,2,0,3.6,20,0,10,0,0,2,20,18,9,8,3,4,1,27,3,1,0,83,120,3.46,1.1,8.1,1.4,1.8,12.2,6.75
653,Chris O'Grady,28,MIA,NL,0,1,0,6.43,8,0,1,0,0,0,7,7,5,5,2,4,0,8,0,0,0,32,60,6.3,1.571,9,2.6,5.1,10.3,2
654,Trevor Oaks,25,KCR,AL,0,2,0,7.24,4,2,1,0,0,0,13.2,21,11,11,1,6,0,10,0,0,0,65,61,3.97,1.976,13.8,0.7,4,6.6,1.67
655,Scott Oberg,28,COL,NL,8,1,0.889,2.45,56,0,7,0,0,0,58.2,46,17,16,4,12,0,57,3,0,3,228,193,2.87,0.989,7.1,0.6,1.8,8.7,4.75
656,Jake Odorizzi,28,MIN,AL,7,10,0.412,4.49,32,32,0,0,0,0,164.1,151,89,82,20,70,3,162,8,0,1,711,96,4.2,1.345,8.3,1.1,3.8,8.9,2.31
657,Alexi Ogando,34,CLE,AL,0,1,0,18,1,0,0,0,0,0,1,2,2,2,0,3,0,1,0,0,0,8,33,10.16,5,18,0,27,9,0.33
658,Seunghwan Oh,35,TOT,MLB,6,3,0.667,2.63,73,0,10,0,0,3,68.1,52,21,20,8,17,1,79,4,0,3,274,167,3.29,1.01,6.8,1.1,2.2,10.4,4.65
661,Shohei Ohtani,23,LAA,AL,4,2,0.667,3.31,10,10,0,0,0,0,51.2,38,19,19,6,22,0,63,1,0,5,211,129,3.57,1.161,6.6,1,3.8,11,2.86
662,Steven Okert,26,SFG,NL,0,0,,1.23,10,0,4,0,0,0,7.1,4,1,1,1,0,0,8,0,0,0,27,329,2.75,0.545,4.9,1.2,0,9.8,
663,Tyler Olson,28,CLE,AL,2,1,0.667,4.94,43,0,5,0,0,0,27.1,26,16,15,4,12,2,40,0,0,1,118,90,3.45,1.39,8.6,1.3,4,13.2,3.33
664,Luis Ortiz,22,BAL,AL,0,1,0,15.43,2,1,0,0,0,0,2.1,7,6,4,0,3,0,0,0,0,1,18,32,7.02,4.286,27,0,11.6,0,0
665,Josh Osich,29,SFG,NL,0,0,,8.25,12,0,2,0,0,0,12,20,11,11,2,7,0,10,2,0,3,61,48,5.91,2.25,15,1.5,5.3,7.5,1.43
666,Roberto Osuna,23,TOT,AL,2,2,0.5,2.37,38,0,31,0,0,21,38,33,10,10,1,4,0,32,4,0,3,150,178,2.45,0.974,7.8,0.2,0.9,7.6,8
669,Corey Oswalt,24,NYM,NL,3,3,0.5,5.85,17,12,2,0,0,0,64.2,69,43,42,14,20,1,45,4,0,4,282,63,5.7,1.376,9.6,1.9,2.8,6.3,2.25
670,Dan Otero,33,CLE,AL,2,1,0.667,5.22,61,0,19,0,0,1,58.2,69,36,34,12,5,3,43,3,1,0,247,85,4.76,1.261,10.6,1.8,0.8,6.6,8.6
671,Adam Ottavino,32,COL,NL,6,4,0.6,2.43,75,0,16,0,0,6,77.2,41,25,21,5,36,5,112,6,0,7,309,195,2.74,0.991,4.8,0.6,4.2,13,3.11
672,Emilio Pagan,27,OAK,AL,3,1,0.75,4.35,55,0,17,0,0,0,62,55,30,30,13,19,1,63,3,0,3,262,95,4.92,1.194,8,1.9,2.8,9.1,3.32
673,Thomas Pannone,24,TOR,AL,4,1,0.8,4.19,12,6,2,0,0,0,43,37,20,20,7,15,0,29,2,0,0,181,101,5.11,1.209,7.7,1.5,3.1,6.1,1.93
674,Eduardo Paredes,23,LAA,AL,0,0,,6.87,14,0,7,0,0,0,18.1,25,14,14,5,7,0,15,1,0,0,86,63,6.38,1.745,12.3,2.5,3.4,7.4,2.14
675,Edward Paredes,31,LAD,NL,2,0,1,5.87,15,0,1,0,0,0,7.2,7,5,5,2,2,0,8,1,0,0,33,70,5.64,1.174,8.2,2.3,2.3,9.4,4
676,Blake Parker,33,LAA,AL,2,1,0.667,3.26,67,0,41,0,0,14,66.1,63,24,24,12,19,1,70,3,0,8,276,131,4.4,1.236,8.5,1.6,2.6,9.5,3.68
677,Wes Parsons,25,ATL,NL,0,1,0,7.2,1,0,0,0,0,0,5,6,4,4,1,3,1,3,0,0,0,23,60,6.36,1.8,10.8,1.8,5.4,5.4,1
678,David Paulino,24,TOR,AL,1,0,1,1.35,7,0,4,0,0,0,6.2,6,2,1,1,2,0,6,0,0,0,28,327,4.21,1.2,8.1,1.4,2.7,8.1,3
679,James Paxton,29,SEA,AL,11,6,0.647,3.76,28,28,0,2,1,0,160.1,134,67,67,23,42,0,208,1,0,8,645,107,3.24,1.098,7.5,1.3,2.4,11.7,4.95
680,James Pazos,27,SEA,AL,4,1,0.8,2.88,60,0,4,0,0,0,50,47,19,16,4,15,1,45,5,0,2,211,140,3.6,1.24,8.5,0.7,2.7,8.1,3
681,Brad Peacock,30,HOU,AL,3,5,0.375,3.46,61,1,20,0,0,3,65,56,26,25,11,20,0,96,3,0,5,272,119,3.47,1.169,7.8,1.5,2.8,13.3,4.8
682,CD Pelham,23,TEX,AL,0,0,,7.04,10,0,2,0,0,0,7.2,12,6,6,0,4,1,7,0,0,0,38,70,2.9,2.087,14.1,0,4.7,8.2,1.75
683,Felix Pena,28,LAA,AL,3,5,0.375,4.18,19,17,1,0,0,0,92.2,87,45,43,12,28,0,85,4,0,7,389,102,4.05,1.241,8.4,1.2,2.7,8.3,3.04
684,Cliff Pennington,34,CIN,NL,0,0,,9,1,0,1,0,0,0,1,1,1,1,0,2,0,1,0,0,0,6,64,7.16,3,9,0,18,9,0.5
685,Freddy Peralta,22,MIL,NL,6,4,0.6,4.25,16,14,1,0,0,0,78.1,49,37,37,8,40,1,96,4,1,3,321,97,3.72,1.136,5.6,0.9,4.6,11,2.4
686,Wandy Peralta,26,CIN,NL,2,2,0.5,5.36,59,0,6,0,0,0,45.1,58,32,27,2,31,2,31,2,0,0,227,80,4.55,1.963,11.5,0.4,6.2,6.2,1
687,Wily Peralta,29,KCR,AL,1,0,1,3.67,37,0,30,0,0,14,34.1,28,14,14,4,23,1,35,1,0,4,149,119,4.73,1.485,7.3,1,6,9.2,1.52
688,Luis Perdomo,25,SDP,NL,1,6,0.143,7.05,12,10,2,0,0,0,44.2,62,37,35,4,22,2,39,3,0,4,217,55,4.26,1.881,12.5,0.8,4.4,7.9,1.77
689,Cionel Perez,22,HOU,AL,0,0,,3.97,8,0,3,0,0,0,11.1,6,5,5,3,7,0,12,0,0,0,45,107,6.34,1.147,4.8,2.4,5.6,9.5,1.71
690,Hernan Perez,27,MIL,NL,0,0,,13.5,3,0,1,0,0,0,3.1,7,5,5,1,1,0,2,1,0,0,19,34,7.66,2.4,18.9,2.7,2.7,5.4,2
691,Martin Perez,27,TEX,AL,2,7,0.222,6.22,22,15,3,0,0,0,85.1,116,68,59,16,36,1,52,2,1,3,397,76,5.72,1.781,12.2,1.7,3.8,5.5,1.44
692,Oliver Perez,36,CLE,AL,1,1,0.5,1.39,51,0,1,0,0,0,32.1,17,6,5,1,7,3,43,2,0,1,120,319,1.74,0.742,4.7,0.3,1.9,12,6.14
693,Dillon Peters,25,MIA,NL,2,2,0.5,7.16,7,5,2,0,0,0,27.2,34,22,22,4,15,0,17,1,0,3,129,52,5.55,1.771,11.1,1.3,4.9,5.5,1.13
694,Jace Peterson,28,TOT,AL,0,0,,36,1,0,1,0,0,0,1,6,4,4,1,0,0,1,0,0,0,8,20,14.16,6,54,9,0,9,
696,Tim Peterson,27,NYM,NL,2,2,0.5,6.18,22,0,9,0,0,0,27.2,29,19,19,8,5,2,25,1,0,0,118,60,5.76,1.229,9.4,2.6,1.6,8.1,5
697,Yusmeiro Petit,33,OAK,AL,7,3,0.7,3,74,0,12,0,0,0,93,76,32,31,13,18,4,76,0,0,1,368,137,3.92,1.011,7.4,1.3,1.7,7.4,4.22
698,Jake Petricka,30,TOR,AL,3,1,0.75,4.53,41,0,5,0,0,0,45.2,59,28,23,6,16,0,41,5,0,5,208,93,4.45,1.642,11.6,1.2,3.2,8.1,2.56
699,Evan Phillips,23,TOT,MLB,0,1,0,13.11,9,1,4,0,0,0,11.2,13,19,17,5,10,0,8,1,0,1,59,33,10.19,1.971,10,3.9,7.7,6.2,0.8
702,Nick Pivetta,25,PHI,NL,7,14,0.333,4.77,33,32,1,0,0,0,164,163,91,87,24,51,0,188,5,0,8,694,88,3.8,1.305,8.9,1.3,2.8,10.3,3.69
703,Adam Plutko,26,CLE,AL,4,5,0.444,5.28,17,12,4,0,0,1,76.2,78,45,45,21,23,1,60,1,1,3,326,84,6.1,1.317,9.2,2.5,2.7,7,2.61
704,Drew Pomeranz,29,BOS,AL,2,6,0.25,6.08,26,11,5,0,0,0,74,87,53,50,12,44,1,66,4,1,4,344,72,5.43,1.77,10.6,1.5,5.4,8,1.5
705,Daniel Ponce de Leon,26,STL,NL,0,2,0,2.73,11,4,2,0,0,1,33,24,10,10,2,13,0,31,1,0,0,132,144,3.34,1.121,6.5,0.5,3.5,8.5,2.38
706,Rick Porcello,29,BOS,AL,17,7,0.708,4.28,33,33,0,1,0,0,191.1,177,97,91,27,48,0,190,16,1,3,808,102,4.01,1.176,8.3,1.3,2.3,8.9,3.96
707,Brooks Pounders,27,COL,NL,0,1,0,7.63,14,0,11,0,0,0,15.1,25,13,13,3,2,0,17,2,0,1,72,63,4.27,1.761,14.7,1.8,1.2,10,8.5
708,Bobby Poyner,25,BOS,AL,1,0,1,3.22,20,0,4,0,0,0,22.1,22,8,8,4,3,0,24,2,0,0,93,137,4.01,1.119,8.9,1.6,1.2,9.7,8
709,Ryan Pressly,29,TOT,AL,2,1,0.667,2.54,77,0,11,0,0,2,71,57,21,20,6,22,1,101,3,0,8,292,169,2.47,1.113,7.2,0.8,2.8,12.8,4.59
712,David Price,32,BOS,AL,16,7,0.696,3.58,30,30,0,1,0,0,176,151,75,70,25,50,0,177,10,0,1,722,122,4.02,1.142,7.7,1.3,2.6,9.1,3.54
713,Austin Pruitt,28,TBR,AL,2,3,0.4,4.65,23,0,11,0,0,4,69.2,72,40,36,7,16,0,42,1,0,1,291,90,3.99,1.263,9.3,0.9,2.1,5.4,2.63
714,Kevin Quackenbush,29,CIN,NL,0,1,0,11,10,0,1,0,0,0,9,13,11,11,3,6,1,7,0,0,0,45,40,7.94,2.111,13,3,6,7,1.17
715,Roman Quinn,25,PHI,NL,0,0,,37.8,1,0,0,0,0,0,1.2,6,7,7,1,2,0,0,1,0,1,14,14,16.36,4.8,32.4,5.4,10.8,0,0
716,Jose Quintana,29,CHC,NL,13,11,0.542,4.03,32,32,0,0,0,0,174.1,162,81,78,25,68,3,158,3,0,3,739,103,4.43,1.319,8.4,1.3,3.5,8.2,2.32
717,Tanner Rainey,25,CIN,NL,0,0,,24.43,8,0,2,0,0,0,7,13,19,19,4,12,1,7,0,0,0,45,18,13.73,3.571,16.7,5.1,15.4,9,0.58
718,Carlos Ramirez,27,TOT,AL,0,0,,3.24,5,0,3,0,0,0,8.1,3,3,3,0,9,0,5,1,0,2,37,139,5.56,1.44,3.2,0,9.7,5.4,0.56
721,Erasmo Ramirez,28,SEA,AL,2,4,0.333,6.5,10,10,0,0,0,0,45.2,52,35,33,14,12,0,33,3,0,0,202,62,6.69,1.401,10.2,2.8,2.4,6.5,2.75
722,JC Ramirez,29,LAA,AL,0,2,0,9.45,2,2,0,0,0,0,6.2,7,8,7,3,7,0,4,0,0,0,33,47,10.96,2.1,9.5,4.1,9.5,5.4,0.57
723,Jose Ramirez,28,ATL,NL,0,2,0,17.05,7,0,1,0,0,0,6.1,9,12,12,0,8,2,7,2,0,0,38,25,5.69,2.684,12.8,0,11.4,9.9,0.88
724,Neil Ramirez,29,CLE,AL,0,3,0,4.54,47,0,9,0,0,0,41.2,36,21,21,9,18,1,51,3,0,0,180,98,5.03,1.296,7.8,1.9,3.9,11,2.83
725,Noe Ramirez,28,LAA,AL,7,5,0.583,4.54,69,1,12,0,0,1,83.1,75,43,42,15,30,3,95,6,0,4,353,94,4.52,1.26,8.1,1.6,3.2,10.3,3.17
726,Yefry Ramirez,24,BAL,AL,1,8,0.111,5.92,17,12,2,0,0,0,65.1,64,44,43,11,36,1,62,4,0,5,294,72,5.29,1.531,8.8,1.5,5,8.5,1.72
727,AJ Ramos,31,NYM,NL,2,2,0.5,6.41,28,0,5,0,0,0,19.2,17,14,14,3,15,0,22,0,0,1,88,58,5.19,1.627,7.8,1.4,6.9,10.1,1.47
728,Edubray Ramos,25,PHI,NL,3,1,0.75,2.32,52,0,10,0,0,1,42.2,34,14,11,4,15,2,42,1,0,4,174,182,3.54,1.148,7.2,0.8,3.2,8.9,2.8
729,Josh Ravin,30,ATL,NL,0,1,0,6,2,0,2,0,0,0,3,2,2,2,0,2,0,1,1,0,0,14,76,5.49,1.333,6,0,6,3,0.5
730,Robbie Ray,26,ARI,NL,6,2,0.75,3.93,24,24,0,0,0,0,123.2,97,55,54,19,70,3,165,5,0,5,526,108,4.31,1.35,7.1,1.4,5.1,12,2.36
731,Addison Reed,29,MIN,AL,1,6,0.143,4.5,55,0,14,0,0,0,56,65,30,28,11,15,3,44,3,0,2,242,96,5.11,1.429,10.4,1.8,2.4,7.1,2.93
732,Cody Reed,25,CIN,NL,1,3,0.25,3.98,17,7,2,0,0,0,43,45,21,19,5,15,0,42,2,0,2,188,107,3.91,1.395,9.4,1,3.1,8.8,2.8
733,Sean Reid-Foley,22,TOR,AL,2,4,0.333,5.13,7,7,0,0,0,0,33.1,31,23,19,6,21,0,42,1,0,3,150,82,4.96,1.56,8.4,1.6,5.7,11.3,2
734,Zac Reininger,25,DET,AL,1,0,1,7.59,18,0,6,0,0,0,21.1,28,18,18,5,9,2,18,0,0,2,100,59,5.79,1.734,11.8,2.1,3.8,7.6,2
735,Alex Reyes,23,STL,NL,0,0,,0,1,1,0,0,0,0,4,3,0,0,0,2,0,2,1,0,0,15,,4.41,1.25,6.8,0,4.5,4.5,1
736,Jesus Reyes,25,CIN,NL,0,0,,3.18,5,0,1,0,0,0,5.2,4,4,2,1,2,0,2,1,0,1,24,142,6.34,1.059,6.4,1.6,3.2,3.2,1
737,Jose Reyes,35,NYM,NL,0,0,,54,1,0,1,0,0,0,1,5,6,6,2,2,0,0,1,0,0,11,10,38.16,7,45,18,18,0,0
738,Mark Reynolds,34,WSN,NL,0,0,,0,1,0,1,0,0,0,0.1,0,0,0,0,0,0,0,0,0,0,1,,3.16,0,0,0,0,0,
739,Jacob Rhame,25,NYM,NL,1,2,0.333,5.85,30,0,15,0,0,1,32.1,38,21,21,8,8,2,28,1,0,0,140,64,5.48,1.423,10.6,2.2,2.2,7.8,3.5
740,Clayton Richard,34,SDP,NL,7,11,0.389,5.33,27,27,0,0,0,0,158.2,159,98,94,19,60,1,108,10,1,7,682,72,4.68,1.38,9,1.1,3.4,6.1,1.8
741,Garrett Richards,30,LAA,AL,5,4,0.556,3.66,16,16,0,0,0,0,76.1,64,43,31,11,34,0,87,1,0,15,324,116,4.13,1.284,7.5,1.3,4,10.3,2.56
742,Trevor Richards,25,MIA,NL,4,9,0.308,4.42,25,25,0,0,0,0,126.1,121,65,62,15,54,5,130,5,1,8,547,83,4.05,1.385,8.6,1.1,3.8,9.3,2.41
743,Yacksel Rios,25,PHI,NL,3,2,0.6,6.75,36,0,10,0,0,0,36,43,28,27,6,15,2,36,2,1,2,165,63,4.74,1.611,10.8,1.5,3.8,9,2.4
744,Anthony Rizzo,28,CHC,NL,0,0,,0,1,0,1,0,0,0,0.1,0,0,0,0,0,0,0,0,0,0,1,,3.16,0,0,0,0,0,
745,Tanner Roark,31,WSN,NL,9,15,0.375,4.34,31,30,1,0,0,0,180.1,181,90,87,24,50,3,146,10,0,5,760,97,4.27,1.281,9,1.2,2.5,7.3,2.92
746,Daniel Robertson,24,TBR,AL,0,0,,0,1,0,1,0,0,0,1,0,0,0,0,0,0,0,0,0,0,3,,3.16,0,0,0,0,0,
747,David Robertson,33,NYY,AL,8,3,0.727,3.23,69,0,11,0,0,5,69.2,46,30,25,7,26,1,91,0,0,1,283,134,2.97,1.033,5.9,0.9,3.4,11.8,3.5
748,Hansel Robles,27,TOT,MLB,2,3,0.4,3.7,53,0,14,0,0,2,56,53,26,23,9,25,1,59,2,0,2,242,111,4.59,1.393,8.5,1.4,4,9.5,2.36
751,Fernando Rodney,41,TOT,AL,4,3,0.571,3.36,68,0,40,0,0,25,64.1,62,27,24,7,32,1,70,3,0,6,285,128,4.03,1.461,8.7,1,4.5,9.8,2.19
754,Carlos Rodon,25,CHW,AL,6,8,0.429,4.18,20,20,0,0,0,0,120.2,97,61,56,15,55,1,90,12,0,4,511,102,4.95,1.26,7.2,1.1,4.1,6.7,1.64
755,Dereck Rodriguez,26,SFG,NL,6,4,0.6,2.81,21,19,1,0,0,0,118.1,98,43,37,9,36,2,89,7,0,1,487,137,3.74,1.132,7.5,0.7,2.7,6.8,2.47
756,Eduardo Rodriguez,25,BOS,AL,13,5,0.722,3.82,27,23,0,0,0,0,129.2,119,56,55,16,45,1,146,4,0,1,553,114,3.65,1.265,8.3,1.1,3.1,10.1,3.24
757,Jefry Rodriguez,24,WSN,NL,3,3,0.5,5.71,14,8,2,0,0,0,52,43,35,33,8,37,5,39,3,0,2,233,74,5.97,1.538,7.4,1.4,6.4,6.8,1.05
758,Ricardo Rodriguez,25,TEX,AL,0,0,,4.05,4,0,0,0,0,0,6.2,11,3,3,0,1,1,3,0,0,0,31,123,2.71,1.8,14.9,0,1.4,4.1,3
759,Richard Rodriguez,28,PIT,NL,4,3,0.571,2.47,63,0,20,0,0,0,69.1,55,19,19,5,19,3,88,5,0,11,279,159,2.6,1.067,7.1,0.6,2.5,11.4,4.63
760,Chaz Roe,31,TBR,AL,1,3,0.25,3.58,61,0,6,0,0,1,50.1,35,21,20,6,16,1,53,8,0,1,203,117,4.04,1.013,6.3,1.1,2.9,9.5,3.31
761,Josh Rogers,23,BAL,AL,1,2,0.333,8.49,3,3,0,0,0,0,11.2,17,11,11,2,5,0,6,0,0,0,56,51,5.65,1.886,13.1,1.5,3.9,4.6,1.2
762,Taylor Rogers,27,MIN,AL,1,2,0.333,2.63,72,0,6,0,0,2,68.1,49,20,20,3,16,3,75,2,0,0,260,165,2.33,0.951,6.5,0.4,2.1,9.9,4.69
763,Sal Romano,24,CIN,NL,8,11,0.421,5.31,39,25,1,0,0,0,145.2,155,92,86,23,53,6,105,4,0,7,644,80,4.95,1.428,9.6,1.4,3.3,6.5,1.98
764,Enny Romero,27,TOT,MLB,0,0,,12.6,8,0,2,0,0,0,10,23,17,14,4,6,3,10,1,0,2,61,36,8.46,2.9,20.7,3.6,5.4,9,1.67
769,Fernando Romero,23,MIN,AL,3,3,0.5,4.69,11,11,0,0,0,0,55.2,60,31,29,6,19,1,45,7,0,7,247,93,4.35,1.419,9.7,1,3.1,7.3,2.37
770,Andrew Romine,32,SEA,AL,0,0,,15,3,0,3,0,0,0,3,5,5,5,1,2,0,0,1,0,1,17,30,10.49,2.333,15,3,6,0,0
771,Sergio Romo,35,TBR,AL,3,4,0.429,4.14,73,5,39,0,0,25,67.1,65,31,31,11,20,0,75,2,0,2,284,101,4.04,1.262,8.7,1.5,2.7,10,3.75
772,Bruce Rondon,27,CHW,AL,2,3,0.4,8.49,35,0,5,0,0,1,29.2,37,30,28,1,27,2,40,1,0,6,154,50,3.73,2.157,11.2,0.3,8.2,12.1,1.48
773,Hector Rondon,30,HOU,AL,2,5,0.286,3.2,63,0,26,0,0,15,59,58,22,21,4,20,2,67,0,0,1,250,129,2.79,1.322,8.8,0.6,3.1,10.2,3.35
774,Randy Rosario,24,CHC,NL,4,0,1,3.66,44,0,8,0,0,1,46.2,47,22,19,5,22,2,30,0,0,1,200,114,4.68,1.479,9.1,1,4.2,5.8,1.36
775,Joe Ross,25,WSN,NL,0,2,0,5.06,3,3,0,0,0,0,16,17,10,9,3,4,0,7,2,0,0,68,85,5.85,1.313,9.6,1.7,2.3,3.9,1.75
776,Tyson Ross,31,TOT,NL,8,9,0.471,4.15,31,23,0,0,0,0,149.2,132,73,69,17,62,4,122,7,0,4,634,93,4.39,1.296,7.9,1,3.7,7.3,1.97
779,Zac Rosscup,30,LAD,NL,0,1,0,4.76,17,0,5,0,0,0,11.1,9,6,6,3,4,0,20,0,0,0,47,85,4.13,1.147,7.1,2.4,3.2,15.9,5
780,Chris Rowley,27,TOR,AL,0,1,0,40.5,2,0,2,0,0,0,0.2,2,4,3,1,1,1,0,0,0,0,6,16,27.16,4.5,27,13.5,13.5,0,0
781,Ryan Rua,28,TEX,AL,0,0,,0,1,0,1,0,0,0,1,0,0,0,0,0,0,1,0,0,0,3,,1.16,0,0,0,0,9,
782,Drew Rucinski,29,MIA,NL,4,2,0.667,4.33,32,0,5,0,0,0,35.1,34,21,17,2,13,4,27,4,0,1,154,86,3.81,1.33,8.7,0.5,3.3,6.9,2.08
783,Jose Ruiz,23,CHW,AL,0,0,,4.15,6,0,2,0,0,0,4.1,5,2,2,1,3,0,6,0,0,2,21,110,5.47,1.846,10.4,2.1,6.2,12.5,2
784,Nick Rumbelow,26,SEA,AL,0,0,,6.11,13,0,6,0,0,0,17.2,19,12,12,6,6,1,16,1,0,2,77,67,6.95,1.415,9.7,3.1,3.1,8.2,2.67
785,Chris Rusin,31,COL,NL,2,3,0.4,6.09,49,0,11,0,0,0,54.2,56,42,37,7,26,1,47,2,2,4,241,78,4.64,1.5,9.2,1.2,4.3,7.7,1.81
786,Hyun-Jin Ryu,31,LAD,NL,7,3,0.7,1.97,15,15,0,0,0,0,82.1,68,23,18,9,15,1,89,1,0,0,324,200,3,1.008,7.4,1,1.6,9.7,5.93
787,Marc Rzepczynski,32,TOT,AL,0,1,0,6.97,23,0,1,0,0,0,10.1,16,11,8,2,10,2,11,0,0,1,57,63,6.45,2.516,13.9,1.7,8.7,9.6,1.1
790,CC Sabathia,37,NYY,AL,9,7,0.563,3.65,29,29,0,0,0,0,153,150,72,62,19,51,0,140,11,0,3,665,119,4.16,1.314,8.8,1.1,3,8.2,2.75
791,Casey Sadler,27,PIT,NL,0,0,,8.31,2,0,1,0,0,0,4.1,9,7,4,0,3,0,3,0,0,1,25,51,3.85,2.769,18.7,0,6.2,6.2,1
792,Connor Sadzeck,26,TEX,AL,0,0,,0.96,13,2,1,0,0,0,9.1,6,2,1,0,11,1,7,1,0,1,45,509,5.52,1.821,5.8,0,10.6,6.8,0.64
793,Fernando Salas,33,ARI,NL,4,4,0.5,4.5,41,0,12,0,0,0,40,40,20,20,5,13,4,30,1,0,2,170,95,4.34,1.325,9,1.1,2.9,6.8,2.31
794,Chris Sale,29,BOS,AL,12,4,0.75,2.11,27,27,0,0,0,0,158,102,39,37,11,34,0,237,14,0,4,617,207,1.98,0.861,5.8,0.6,1.9,13.5,6.97
795,Jeff Samardzija,33,SFG,NL,1,5,0.167,6.25,10,10,0,0,0,0,44.2,47,32,31,6,26,1,30,2,0,2,207,62,5.44,1.634,9.5,1.2,5.2,6,1.15
796,Adrian Sampson,26,TEX,AL,0,3,0,4.3,5,4,0,0,0,0,23,24,13,11,6,4,0,15,2,1,2,96,112,6.03,1.217,9.4,2.3,1.6,5.9,3.75
797,Aaron Sanchez,25,TOR,AL,4,6,0.4,4.89,20,20,0,0,0,0,105,106,62,57,11,58,2,86,7,0,4,474,86,4.74,1.562,9.1,0.9,5,7.4,1.48
798,Anibal Sanchez,34,ATL,NL,7,6,0.538,2.83,25,24,0,0,0,0,136.2,106,48,43,15,42,0,135,4,0,4,553,143,3.62,1.083,7,1,2.8,8.9,3.21
799,Pablo Sandoval,31,SFG,NL,0,0,,0,1,0,1,0,0,0,1,0,0,0,0,0,0,0,0,0,0,3,,3.16,0,0,0,0,0,
800,Dennis Santana,22,LAD,NL,1,0,1,12.27,1,0,0,0,0,0,3.2,6,5,5,0,1,0,4,1,0,1,19,35,2.62,1.909,14.7,0,2.5,9.8,4
801,Edgar Santana,26,PIT,NL,3,4,0.429,3.26,69,0,11,0,0,0,66.1,61,25,24,7,12,2,54,3,0,3,271,121,3.58,1.101,8.3,0.9,1.6,7.3,4.5
802,Ervin Santana,35,MIN,AL,0,1,0,8.03,5,5,0,0,0,0,24.2,31,22,22,9,9,0,16,2,0,0,114,55,7.94,1.622,11.3,3.3,3.3,5.8,1.78
803,Hector Santiago,30,CHW,AL,6,3,0.667,4.5,49,7,27,0,0,2,102,102,54,51,16,60,3,103,5,2,1,460,94,5.09,1.588,9,1.4,5.3,9.1,1.72
804,Luis Santos,27,TOR,AL,1,1,0.5,7.2,15,1,4,0,0,0,20,26,16,16,4,10,1,24,1,0,0,91,59,5.01,1.8,11.7,1.8,4.5,10.8,2.4
805,Warwick Saupold,28,DET,AL,4,1,0.8,4.46,31,0,13,0,0,1,34.1,41,17,17,6,13,1,16,2,0,2,158,100,5.81,1.573,10.7,1.6,3.4,4.2,1.23
806,Rob Scahill,31,CHW,AL,0,0,,5.4,6,0,3,0,0,0,5,5,4,3,0,3,0,3,2,0,1,25,84,4.96,1.6,9,0,5.4,5.4,1
807,Max Scherzer,33,WSN,NL,18,7,0.72,2.53,33,33,0,2,1,0,220.2,150,66,62,23,51,4,300,12,1,4,866,166,2.65,0.911,6.1,0.9,2.1,12.2,5.88
808,Jaime Schultz,27,TBR,AL,2,2,0.5,5.64,22,1,7,0,0,0,30.1,18,19,19,6,17,0,35,3,0,1,125,74,5.4,1.154,5.3,1.8,5,10.4,2.06
809,Robby Scott,28,BOS,AL,0,1,0,8.1,9,0,4,0,0,0,6.2,10,6,6,2,5,2,8,5,0,0,40,57,9.16,2.25,13.5,2.7,6.8,10.8,1.6
810,Tanner Scott,23,BAL,AL,3,3,0.5,5.4,53,0,8,0,0,0,53.1,55,33,32,6,28,1,76,1,0,7,240,79,3.4,1.556,9.3,1,4.7,12.8,2.71
811,Troy Scribner,26,ARI,NL,0,1,0,4.91,1,1,0,0,0,0,3.2,4,2,2,0,6,0,4,0,0,0,21,95,5.89,2.727,9.8,0,14.7,9.8,0.67
812,Antonio Senzatela,23,COL,NL,6,6,0.5,4.38,23,13,2,0,0,0,90.1,94,45,44,10,30,1,69,3,0,1,390,108,4.17,1.373,9.4,1,3,6.9,2.3
813,Luis Severino,24,NYY,AL,19,8,0.704,3.39,32,32,0,1,1,0,191.1,173,76,72,19,46,0,220,5,0,8,780,128,2.95,1.145,8.1,0.9,2.2,10.3,4.78
814,Paul Sewald,28,NYM,NL,0,7,0,6.07,46,0,9,0,0,2,56.1,62,39,38,8,23,2,58,1,0,1,253,61,4.23,1.509,9.9,1.3,3.7,9.3,2.52
815,Kevin Shackelford,29,CIN,NL,0,1,0,7.88,5,0,1,0,0,0,8,13,8,7,0,4,1,7,1,0,1,41,56,3.29,2.125,14.6,0,4.5,7.9,1.75
816,Justin Shafer,25,TOR,AL,0,0,,3.24,6,0,1,0,0,0,8.1,6,4,3,1,7,0,2,1,0,0,39,135,7.12,1.56,6.5,1.1,7.6,2.2,0.29
817,Bryan Shaw,30,COL,NL,4,6,0.4,5.93,61,0,14,0,0,0,54.2,70,43,36,9,28,1,54,1,0,8,257,80,4.92,1.793,11.5,1.5,4.6,8.9,1.93
818,Justus Sheffield,22,NYY,AL,0,0,,10.13,3,0,2,0,0,0,2.2,4,3,3,1,3,0,0,0,0,1,14,48,11.41,2.625,13.5,3.4,10.1,0,0
819,Jimmie Sherfy,26,ARI,NL,0,0,,1.65,15,0,3,0,0,0,16.1,8,3,3,1,10,1,17,2,0,0,69,262,4.08,1.102,4.4,0.6,5.5,9.4,1.7
820,Ryan Sherriff,28,STL,NL,0,0,,6.35,5,0,0,0,0,0,5.2,8,4,4,1,2,0,3,1,0,0,27,65,5.98,1.765,12.7,1.6,3.2,4.8,1.5
821,James Shields,36,CHW,AL,7,16,0.304,4.53,34,33,1,0,0,0,204.2,190,115,103,34,78,0,154,9,1,11,871,94,5.09,1.309,8.4,1.5,3.4,6.8,1.97
822,Braden Shipley,26,ARI,NL,0,0,,7.2,3,0,2,0,0,0,5,4,4,4,0,2,0,3,1,0,0,21,63,3.76,1.2,7.2,0,3.6,5.4,1.5
823,Matt Shoemaker,31,LAA,AL,2,2,0.5,4.94,7,7,0,0,0,0,31,29,17,17,3,10,0,33,1,0,3,130,87,3.35,1.258,8.4,0.9,2.9,9.6,3.3
824,Chasen Shreve,27,TOT,MLB,3,4,0.429,3.93,60,0,20,0,0,1,52.2,53,28,23,11,27,0,62,1,0,2,235,108,5.12,1.519,9.1,1.9,4.6,10.6,2.3
827,Lucas Sims,24,TOT,NL,0,0,,7.47,9,0,2,0,0,0,15.2,15,13,13,3,13,1,16,2,0,0,77,57,6.48,1.787,8.6,1.7,7.5,9.2,1.23
830,Tony Sipp,34,HOU,AL,3,1,0.75,1.86,54,0,8,0,0,0,38.2,27,8,8,1,13,0,42,1,0,2,151,222,2.41,1.034,6.3,0.2,3,9.8,3.23
831,Tyler Skaggs,26,LAA,AL,8,10,0.444,4.02,24,24,0,0,0,0,125.1,127,60,56,14,40,0,129,5,0,2,533,105,3.63,1.332,9.1,1,2.9,9.3,3.23
832,Eric Skoglund,25,KCR,AL,1,6,0.143,5.14,14,13,0,0,0,0,70,66,41,40,12,19,0,49,6,0,3,293,84,5.06,1.214,8.5,1.5,2.4,6.3,2.58
833,Aaron Slegers,25,MIN,AL,1,1,0.5,5.27,4,2,1,0,0,0,13.2,17,8,8,3,2,0,6,1,0,0,60,84,5.8,1.39,11.2,2,1.3,4,3
834,Burch Smith,28,KCR,AL,1,6,0.143,6.92,38,6,16,0,0,0,78,90,60,60,15,40,2,77,4,1,0,358,63,5.38,1.667,10.4,1.7,4.6,8.9,1.93
835,Caleb Smith,26,MIA,NL,5,6,0.455,4.19,16,16,0,0,0,0,77.1,63,36,36,10,33,2,88,3,0,0,326,88,3.96,1.241,7.3,1.2,3.8,10.2,2.67
836,Carson Smith,28,BOS,AL,1,1,0.5,3.77,18,0,5,0,0,0,14.1,14,6,6,2,6,0,18,0,0,0,64,118,3.72,1.395,8.8,1.3,3.8,11.3,3
837,Drew Smith,24,NYM,NL,1,1,0.5,3.54,27,0,8,0,0,0,28,34,11,11,2,6,0,18,2,0,1,120,105,3.66,1.429,10.9,0.6,1.9,5.8,3
838,Joe Smith,34,HOU,AL,5,1,0.833,3.74,56,0,13,0,0,0,45.2,34,20,19,7,12,0,46,2,0,1,180,110,4.06,1.007,6.7,1.4,2.4,9.1,3.83
839,Murphy Smith,30,TOR,AL,0,0,,8.1,3,0,2,0,0,0,3.1,5,3,3,0,1,0,0,1,0,0,16,57,4.96,1.8,13.5,0,2.7,0,0
840,Will Smith,28,SFG,NL,2,3,0.4,2.55,54,0,27,0,0,14,53,37,18,15,3,15,4,71,0,0,2,210,151,2.07,0.981,6.3,0.5,2.5,12.1,4.73
841,Josh Smoker,29,TOT,MLB,0,0,,8.59,8,0,1,0,0,0,7.1,11,7,7,2,7,0,4,0,0,2,38,52,8.48,2.455,13.5,2.5,8.6,4.9,0.57
844,Jake Smolinski,29,OAK,AL,0,0,,18,1,0,1,0,0,0,1,2,2,2,1,0,0,0,0,0,0,5,31,16.16,2,18,9,0,0,
845,Blake Snell,25,TBR,AL,21,5,0.808,1.89,31,31,0,0,0,0,180.2,112,41,38,16,64,2,221,1,0,13,700,219,2.95,0.974,5.6,0.8,3.2,11,3.45
846,D.J. Snelten,26,SFG,NL,0,0,,10.38,4,0,0,0,0,0,4.1,9,6,5,2,3,0,4,0,0,0,26,40,9.39,2.769,18.7,4.2,6.2,8.3,1.33
847,Chad Sobotka,24,ATL,NL,1,0,1,1.88,14,0,5,0,0,0,14.1,5,3,3,2,9,2,21,0,0,3,58,220,3.93,0.977,3.1,1.3,5.7,13.2,2.33
848,Miguel Socolovich,31,ATL,NL,0,1,0,10.8,4,0,3,0,0,0,5,8,6,6,0,2,0,4,0,0,0,25,40,2.76,2,14.4,0,3.6,7.2,2
849,Sammy Solis,29,WSN,NL,1,2,0.333,6.41,56,0,5,0,0,0,39.1,43,28,28,7,18,1,44,4,0,4,177,66,4.92,1.551,9.8,1.6,4.1,10.1,2.44
850,Joakim Soria,34,TOT,MLB,3,4,0.429,3.12,66,0,29,0,0,16,60.2,53,24,21,4,16,1,75,2,1,2,255,136,2.44,1.137,7.9,0.6,2.4,11.1,4.69
853,Mike Soroka,20,ATL,NL,2,1,0.667,3.51,5,5,0,0,0,0,25.2,30,14,10,1,7,0,21,0,0,2,113,117,2.85,1.442,10.5,0.4,2.5,7.4,3
854,Cory Spangenberg,27,SDP,NL,0,0,,13.5,2,0,2,0,0,0,2,4,3,3,0,3,0,0,0,0,0,12,34,7.66,3.5,18,0,13.5,0,0
855,Glenn Sparkman,26,KCR,AL,0,3,0,4.46,15,3,3,0,0,0,38.1,47,20,19,3,15,3,27,1,1,3,176,98,4.02,1.617,11,0.7,3.5,6.3,1.8
856,Jeffrey Springs,25,TEX,AL,1,1,0.5,3.38,18,2,4,0,0,0,32,32,14,12,4,14,1,31,1,0,3,141,142,4.25,1.438,9,1.1,3.9,8.7,2.21
857,Craig Stammen,34,SDP,NL,8,3,0.727,2.73,73,0,7,0,0,0,79,65,25,24,3,17,3,88,3,0,3,317,141,2.19,1.038,7.4,0.3,1.9,10,5.18
858,Ryne Stanek,26,TBR,AL,2,3,0.4,2.98,59,29,10,0,0,0,66.1,45,23,22,8,27,1,81,1,0,5,263,140,3.55,1.085,6.1,1.1,3.7,11,3
859,Drew Steckenrider,27,MIA,NL,4,4,0.5,3.9,71,0,17,0,0,5,64.2,55,29,28,7,27,5,74,2,0,0,272,95,3.62,1.268,7.7,1,3.8,10.3,2.74
860,Jackson Stephens,24,CIN,NL,2,3,0.4,4.93,29,0,12,0,0,0,38.1,50,30,21,7,15,3,33,3,0,3,183,87,5.22,1.696,11.7,1.6,3.5,7.7,2.2
861,Robert Stephenson,25,CIN,NL,0,2,0,9.26,4,3,0,0,0,0,11.2,17,12,12,2,12,3,11,0,1,2,63,47,6.59,2.486,13.1,1.5,9.3,8.5,0.92
862,Brock Stewart,26,LAD,NL,0,1,0,6.11,9,2,3,0,0,0,17.2,23,15,12,4,9,3,14,2,0,1,90,65,6.39,1.811,11.7,2,4.6,7.1,1.56
863,Kohl Stewart,23,MIN,AL,2,1,0.667,3.68,8,4,0,0,0,0,36.2,34,16,15,1,18,0,24,3,0,4,159,118,3.92,1.418,8.3,0.2,4.4,5.9,1.33
864,Robert Stock,28,SDP,NL,1,1,0.5,2.5,32,0,6,0,0,0,39.2,37,13,11,1,13,1,38,2,1,3,166,155,2.71,1.261,8.4,0.2,2.9,8.6,2.92
865,Eric Stout,25,KCR,AL,0,0,,23.14,3,0,0,0,0,0,2.1,7,7,6,2,2,0,2,0,0,0,16,21,15.16,3.857,27,7.7,7.7,7.7,1
866,Matt Strahm,26,SDP,NL,3,4,0.429,2.05,41,5,5,0,0,0,61.1,39,16,14,6,21,1,69,3,0,2,245,188,3.36,0.978,5.7,0.9,3.1,10.1,3.29
867,Dan Straily,29,MIA,NL,5,6,0.455,4.12,23,23,0,0,0,0,122.1,107,62,56,20,52,5,99,7,0,1,518,89,5.11,1.3,7.9,1.5,3.8,7.3,1.9
868,Stephen Strasburg,29,WSN,NL,10,7,0.588,3.74,22,22,0,0,0,0,130,118,59,54,18,38,2,156,8,1,5,544,112,3.62,1.2,8.2,1.2,2.6,10.8,4.11
869,Chris Stratton,27,SFG,NL,10,10,0.5,5.09,28,26,1,1,1,0,145,153,87,82,19,54,1,112,2,0,6,625,75,4.48,1.428,9.5,1.2,3.4,7,2.07
870,Hunter Strickland,29,SFG,NL,3,5,0.375,3.97,49,0,35,0,0,14,45.1,43,25,20,5,21,2,37,1,0,4,201,97,4.42,1.412,8.5,1,4.2,7.3,1.76
871,Ross Stripling,28,LAD,NL,8,6,0.571,3.02,33,21,2,0,0,0,122,123,42,41,18,22,2,136,1,0,3,503,130,3.42,1.189,9.1,1.3,1.6,10,6.18
872,Marcus Stroman,27,TOR,AL,4,9,0.308,5.54,19,19,0,0,0,0,102.1,115,68,63,9,36,0,77,2,1,3,449,76,3.91,1.476,10.1,0.8,3.2,6.8,2.14
873,Pedro Strop,33,CHC,NL,6,1,0.857,2.26,60,0,20,0,0,13,59.2,38,15,15,4,21,3,57,5,0,3,240,185,3.43,0.989,5.7,0.6,3.2,8.6,2.71
874,Daniel Stumpf,27,DET,AL,1,5,0.167,4.93,56,0,5,0,0,0,38.1,44,23,21,5,16,1,37,0,0,2,173,90,4.18,1.565,10.3,1.2,3.8,8.7,2.31
875,Andrew Suarez,25,SFG,NL,7,13,0.35,4.49,29,29,0,0,0,0,160.1,163,85,80,23,45,1,130,3,0,4,665,85,4.3,1.297,9.1,1.3,2.5,7.3,2.89
876,Ranger Suarez,22,PHI,NL,1,1,0.5,5.4,4,3,0,0,0,0,15,21,14,9,3,6,1,11,0,1,0,69,80,5.49,1.8,12.6,1.8,3.6,6.6,1.83
877,Jesus Sucre,30,TBR,AL,0,0,,18,2,0,1,0,0,0,1,4,2,2,0,0,0,0,0,0,0,7,32,3.16,4,36,0,0,0,
878,Wander Suero,26,WSN,NL,4,1,0.8,3.59,40,0,11,0,0,0,47.2,43,20,19,4,15,2,47,4,1,3,200,118,3.48,1.217,8.1,0.8,2.8,8.9,3.13
879,Brent Suter,28,MIL,NL,8,7,0.533,4.44,20,18,0,0,0,0,101.1,102,55,50,18,19,2,84,4,0,1,424,93,4.49,1.194,9.1,1.6,1.7,7.5,4.42
880,Anthony Swarzak,32,NYM,NL,0,2,0,6.15,29,0,12,0,0,4,26.1,28,18,18,6,14,0,31,1,0,2,116,61,5.48,1.595,9.6,2.1,4.8,10.6,2.21
881,Noah Syndergaard,25,NYM,NL,13,4,0.765,3.03,25,25,0,2,1,0,154.1,148,55,52,9,39,2,155,7,0,2,644,121,2.8,1.212,8.6,0.5,2.3,9,3.97
882,Jameson Taillon,26,PIT,NL,14,10,0.583,3.2,32,32,0,2,1,0,191,179,69,68,20,46,4,179,6,0,2,785,122,3.46,1.178,8.4,0.9,2.2,8.4,3.89
883,Masahiro Tanaka,29,NYY,AL,12,6,0.667,3.75,27,27,0,1,1,0,156,141,68,65,25,35,0,159,7,0,3,635,115,4.01,1.128,8.1,1.4,2,9.2,4.54
884,Stephen Tarpley,25,NYY,AL,0,0,,3,10,0,3,0,0,0,9,6,3,3,0,6,0,13,0,0,0,40,149,2.27,1.333,6,0,6,13,2.17
885,Ben Taylor,25,CLE,AL,0,0,,6,6,0,4,0,0,0,6,6,4,4,2,1,0,8,0,0,0,25,78,5.33,1.167,9,3,1.5,12,8
886,Junichi Tazawa,32,TOT,MLB,1,1,0.5,7.07,31,0,10,0,0,0,28,35,24,22,7,16,3,28,0,0,1,134,56,6.13,1.821,11.3,2.3,5.1,9,1.75
889,Julio Teheran,27,ATL,NL,9,9,0.5,3.94,31,31,0,0,0,0,175.2,122,80,77,26,84,3,162,9,3,2,724,102,4.83,1.173,6.3,1.3,4.3,8.3,1.93
890,Ryan Tepera,30,TOR,AL,5,5,0.5,3.62,68,0,19,0,0,7,64.2,55,27,26,9,24,1,68,4,1,5,263,116,4.17,1.222,7.7,1.3,3.3,9.5,2.83
891,Jake Thompson,24,PHI,NL,1,0,1,4.96,9,0,6,0,0,2,16.1,14,10,9,1,11,2,14,0,0,1,76,86,4.26,1.531,7.7,0.6,6.1,7.7,1.27
892,Tyler Thornburg,29,BOS,AL,2,0,1,5.63,25,0,9,0,0,0,24,28,15,15,6,10,0,21,1,0,2,107,79,6.04,1.583,10.5,2.3,3.8,7.9,2.1
893,Chris Tillman,30,BAL,AL,1,5,0.167,10.46,7,7,0,0,0,0,26.2,42,32,31,6,17,0,13,2,0,6,137,41,7.25,2.213,14.2,2,5.7,4.4,0.76
894,Carlos Tocci,22,TEX,AL,0,0,,0,1,0,0,0,0,0,0.2,0,0,0,0,0,0,0,0,0,0,2,,3.16,0,0,0,0,0,
895,Josh Tomlin,33,CLE,AL,2,5,0.286,6.14,32,9,19,0,0,0,70.1,92,52,48,25,12,1,46,4,0,5,321,72,7.16,1.479,11.8,3.2,1.5,5.9,3.83
896,Carlos Torres,35,WSN,NL,0,0,,6.52,10,0,9,0,0,0,9.2,9,7,7,3,3,0,9,1,0,0,41,67,6.57,1.241,8.4,2.8,2.8,8.4,3
897,Touki Toussaint,22,ATL,NL,2,1,0.667,4.03,7,5,1,0,0,0,29,18,13,13,1,21,1,32,2,0,1,123,101,3.78,1.345,5.6,0.3,6.5,9.9,1.52
898,Blake Treinen,30,OAK,AL,9,2,0.818,0.78,68,0,58,0,0,38,80.1,46,12,7,2,21,3,100,1,0,6,315,525,1.82,0.834,5.2,0.2,2.4,11.2,4.76
899,Andrew Triggs,29,OAK,AL,3,1,0.75,5.23,9,9,0,0,0,0,41.1,37,24,24,7,18,0,43,3,0,3,182,79,4.81,1.331,8.1,1.5,3.9,9.4,2.39
900,Lou Trivino,26,OAK,AL,8,3,0.727,2.92,69,1,10,0,0,4,74,53,24,24,8,31,4,82,2,1,4,299,141,3.69,1.135,6.4,1,3.8,10,2.65
901,Nick Tropeano,27,LAA,AL,5,6,0.455,4.74,14,14,0,0,0,0,76,68,41,40,16,31,2,64,2,0,2,316,90,5.52,1.303,8.1,1.9,3.7,7.6,2.06
902,Jen-Ho Tseng,23,CHC,NL,0,0,,13.5,1,1,0,0,0,0,2,4,3,3,1,0,0,3,0,0,0,10,36,6.66,2,18,4.5,0,13.5,
903,Sam Tuivailala,25,TOT,MLB,4,3,0.571,3.41,36,0,5,0,0,0,37,41,15,14,3,12,2,30,2,0,5,165,117,3.73,1.432,10,0.7,2.9,7.3,2.5
906,Spencer Turnbull,25,DET,AL,0,2,0,6.06,4,3,0,0,0,0,16.1,17,11,11,1,4,0,15,0,1,1,69,74,2.85,1.286,9.4,0.6,2.2,8.3,3.75
907,Jacob Turner,27,TOT,MLB,0,1,0,20.25,5,1,1,0,0,0,6.2,19,17,15,2,6,0,3,0,0,0,46,21,8.86,3.75,25.7,2.7,8.1,4.1,0.5
910,Duane Underwood Jr.,23,CHC,NL,0,1,0,2.25,1,1,0,0,0,0,4,2,1,1,1,3,0,3,0,0,0,16,202,7.16,1.25,4.5,2.3,6.8,6.8,1
911,Jose Urena,26,MIA,NL,9,12,0.429,3.98,31,31,0,1,0,0,174,155,78,77,19,51,8,130,12,1,2,712,92,4.17,1.184,8,1,2.6,6.7,2.55
912,Julio Urias,21,LAD,NL,0,0,,0,3,0,3,0,0,0,4,1,0,0,0,0,0,7,0,0,0,13,,-0.34,0.25,2.3,0,0,15.8,
913,Framber Valdez,24,HOU,AL,4,1,0.8,2.19,8,5,0,0,0,0,37,22,10,9,3,24,0,34,4,0,5,154,189,4.65,1.243,5.4,0.7,5.8,8.3,1.42
914,Jose Valdez,28,SFG,NL,0,0,,12.6,4,0,3,0,0,0,5,8,7,7,3,1,0,4,0,0,0,24,33,9.96,1.8,14.4,5.4,1.8,7.2,4
915,Danny Valencia,33,BAL,AL,0,0,,0,1,0,1,0,0,0,0.1,0,0,0,0,0,0,1,0,0,0,1,,-2.84,0,0,0,0,27,
916,Jesmuel Valentin,24,PHI,NL,0,0,,27,1,0,1,0,0,0,1,2,3,3,1,2,0,1,0,0,0,7,21,20.16,4,18,9,18,9,0.5
917,Jason Vargas,35,NYM,NL,7,9,0.438,5.77,20,20,0,0,0,0,92,100,60,59,18,30,1,84,5,0,0,404,64,5.02,1.413,9.8,1.8,2.9,8.2,2.8
918,Andrew Vasquez,24,MIN,AL,1,0,1,5.4,9,0,0,0,0,0,5,5,4,3,0,2,0,7,3,0,0,26,86,3.36,1.4,9,0,3.6,12.6,3.5
919,Jerry Vasto,26,TOT,MLB,0,1,0,8.31,6,0,0,0,0,0,4.1,6,5,4,1,2,0,4,0,0,0,21,61,5.7,1.846,12.5,2.1,4.2,8.3,2
922,Felipe Vazquez,26,PIT,NL,4,2,0.667,2.7,70,0,60,0,0,37,70,63,24,21,4,24,2,89,1,0,3,296,146,2.43,1.243,8.1,0.5,3.1,11.4,3.71
923,Vince Velasquez,26,PHI,NL,9,12,0.429,4.85,31,30,1,0,0,0,146.2,138,83,79,16,59,1,161,8,0,9,630,87,3.75,1.343,8.5,1,3.6,9.9,2.73
924,Hector Velazquez,29,BOS,AL,7,2,0.778,3.18,47,8,15,0,0,0,85,97,35,30,7,26,1,53,7,0,4,370,138,4.15,1.447,10.3,0.7,2.8,5.6,2.04
925,Pat Venditte#,33,LAD,NL,0,0,,2.57,15,0,6,0,0,0,14,11,4,4,1,3,1,9,2,0,0,57,156,3.88,1,7.1,0.6,1.9,5.8,3
926,Jonny Venters,33,TOT,MLB,5,2,0.714,3.67,50,1,10,0,0,3,34.1,26,15,14,1,16,3,27,1,0,3,145,113,3.45,1.223,6.8,0.3,4.2,7.1,1.69
929,Drew VerHagen,27,DET,AL,3,3,0.5,4.63,41,1,4,0,0,0,56.1,46,29,29,6,19,0,53,3,0,6,233,96,3.84,1.154,7.3,1,3,8.5,2.79
930,Justin Verlander,35,HOU,AL,16,9,0.64,2.52,34,34,0,1,1,0,214,156,63,60,28,37,0,290,8,2,5,833,163,2.78,0.902,6.6,1.2,1.6,12.2,7.84
931,Thyago Vieira,24,CHW,AL,1,1,0.5,7.13,16,0,9,0,0,1,17.2,21,14,14,4,9,0,15,3,1,6,85,60,6.44,1.698,10.7,2,4.6,7.6,1.67
932,Nick Vincent,31,SEA,AL,4,4,0.5,3.99,62,1,8,0,0,0,56.1,50,28,25,7,15,4,56,3,1,0,239,101,3.75,1.154,8,1.1,2.4,8.9,3.73
933,Arodys Vizcaino,27,ATL,NL,2,2,0.5,2.11,39,0,31,0,0,16,38.1,30,9,9,4,15,1,40,2,0,4,158,193,3.76,1.174,7,0.9,3.5,9.4,2.67
934,Chris Volstad,31,CHW,AL,1,5,0.167,6.27,33,1,5,0,0,0,47.1,65,35,33,9,12,1,29,3,0,1,215,68,5.36,1.627,12.4,1.7,2.3,5.5,2.42
935,Austin Voth,26,WSN,NL,1,1,0.5,6.57,4,2,0,0,0,0,12.1,12,9,9,3,6,0,11,0,0,1,55,66,6,1.459,8.8,2.2,4.4,8,1.83
936,Michael Wacha,26,STL,NL,8,2,0.8,3.2,15,15,0,0,0,0,84.1,68,36,30,9,36,0,71,2,1,2,355,121,4.22,1.233,7.3,1,3.8,7.6,1.97
937,Bobby Wahl,26,NYM,NL,0,1,0,10.13,7,0,0,0,0,0,5.1,9,6,6,2,4,0,7,0,0,0,29,39,7.66,2.438,15.2,3.4,6.8,11.8,1.75
938,Adam Wainwright,36,STL,NL,2,4,0.333,4.46,8,8,0,0,0,0,40.1,41,21,20,5,18,1,40,2,0,1,181,88,4.28,1.463,9.1,1.1,4,8.9,2.22
939,Marcus Walden,29,BOS,AL,0,0,,3.68,8,0,5,0,0,1,14.2,14,7,6,0,3,0,14,1,0,2,59,121,2.07,1.159,8.6,0,1.8,8.6,4.67
940,Taijuan Walker,25,ARI,NL,0,0,,3.46,3,3,0,0,0,0,13,15,5,5,1,5,0,9,0,0,0,56,126,3.93,1.538,10.4,0.7,3.5,6.2,1.8
941,Adam Warren,30,TOT,AL,3,2,0.6,3.14,47,0,10,0,0,0,51.2,48,18,18,6,20,1,52,2,0,3,223,135,3.94,1.316,8.4,1,3.5,9.1,2.6
944,Tony Watson,33,SFG,NL,4,6,0.4,2.59,72,0,10,0,0,0,66,54,19,19,4,14,3,72,1,0,0,261,149,2.45,1.03,7.4,0.5,1.9,9.8,5.14
945,Luke Weaver,24,STL,NL,7,11,0.389,4.95,30,25,3,0,0,0,136.1,150,83,75,19,54,2,121,3,0,3,609,78,4.45,1.496,9.9,1.3,3.6,8,2.24
946,Tyler Webb,27,TOT,NL,0,1,0,4.43,22,0,5,0,0,0,20.1,22,15,10,3,9,2,15,1,0,0,90,91,5.08,1.525,9.7,1.3,4,6.6,1.67
949,Ryan Weber,27,TBR,AL,0,1,0,5.06,2,0,0,0,0,0,5.1,5,5,3,0,2,0,1,1,0,0,25,88,4.47,1.313,8.4,0,3.4,1.7,0.5
950,Allen Webster,28,CHC,NL,1,0,1,6,3,0,1,0,0,0,3,2,2,2,1,1,0,3,2,0,0,15,78,8.49,1,6,3,3,9,3
951,Zack Weiss,26,CIN,NL,0,0,,inf,1,0,0,0,0,0,0,2,4,4,2,2,0,0,0,0,0,4,4,,,,,,,0
952,J.B. Wendelken,25,OAK,AL,0,0,,0.54,13,0,3,0,0,0,16.2,8,1,1,1,5,0,14,0,0,1,62,776,3.16,0.78,4.3,0.5,2.7,7.6,2.8
953,Rob Whalen,24,SEA,AL,0,0,,0,1,0,0,0,0,0,4,1,0,0,0,1,0,0,0,0,0,14,,3.91,0.5,2.3,0,2.3,0,0
954,Zack Wheeler,28,NYM,NL,12,7,0.632,3.31,29,29,0,0,0,0,182.1,150,69,67,14,55,0,179,9,1,2,744,111,3.25,1.124,7.4,0.7,2.7,8.8,3.25
955,Chase Whitley,29,ATL,NL,0,0,,18,1,0,0,0,0,0,1,2,2,2,1,1,0,1,0,0,0,6,31,17.16,3,18,9,9,9,1
956,Rowan Wick,25,SDP,NL,0,1,0,6.48,10,0,3,0,0,0,8.1,13,6,6,1,1,0,7,0,0,0,38,62,3.4,1.68,14,1.1,1.1,7.6,7
957,Brad Wieck,26,SDP,NL,0,0,,1.29,5,0,0,0,0,0,7,3,1,1,1,0,0,10,0,0,0,24,315,2.16,0.429,3.9,1.3,0,12.9,
958,Aaron Wilkerson,29,MIL,NL,0,1,0,10,3,1,2,0,0,0,9,12,10,10,4,3,0,10,1,0,0,43,43,8.05,1.667,12,4,3,10,3.33
959,Austen Williams,25,WSN,NL,0,1,0,5.59,10,0,4,0,0,0,9.2,10,6,6,5,6,2,8,0,0,1,44,78,10.09,1.655,9.3,4.7,5.6,7.4,1.33
960,Taylor Williams,26,MIL,NL,1,3,0.25,4.25,56,0,10,0,0,0,53,53,28,25,6,25,4,57,1,0,4,236,98,3.95,1.472,9,1,4.2,9.7,2.28
961,Trevor Williams,26,PIT,NL,14,10,0.583,3.11,31,31,0,1,1,0,170.2,146,64,59,15,55,3,126,4,0,4,701,126,3.86,1.178,7.7,0.8,2.9,6.6,2.29
962,Alex Wilson,31,DET,AL,2,4,0.333,3.36,59,0,13,0,0,0,61.2,50,24,23,8,15,2,43,2,0,2,245,132,4.28,1.054,7.3,1.2,2.2,6.3,2.87
963,Bryse Wilson,20,ATL,NL,1,0,1,6.43,3,1,2,0,0,0,7,8,5,5,0,6,2,6,0,0,0,33,66,4.02,2,10.3,0,7.7,7.7,1
964,Justin Wilson,30,CHC,NL,4,5,0.444,3.46,71,0,12,0,0,0,54.2,45,22,21,5,33,1,69,0,1,4,236,121,3.64,1.427,7.4,0.8,5.4,11.4,2.09
965,Trey Wingenter,24,SDP,NL,0,0,,3.79,22,0,5,0,0,0,19,13,8,8,3,11,0,27,1,0,1,81,103,4.27,1.263,6.2,1.4,5.2,12.8,2.45
966,Dan Winkler,28,ATL,NL,4,0,1,3.43,69,0,11,0,0,2,60.1,52,27,23,3,20,1,69,5,0,2,255,118,2.76,1.193,7.8,0.4,3,10.3,3.45
967,Matt Wisler,25,TOT,NL,1,1,0.5,4.28,18,3,3,0,0,0,40,41,20,19,8,7,0,32,0,0,1,166,98,4.69,1.2,9.2,1.8,1.6,7.2,4.57
970,Nick Wittgren,27,MIA,NL,2,1,0.667,2.94,32,0,6,0,0,0,33.2,29,13,11,1,15,3,31,1,0,2,148,126,3.13,1.307,7.8,0.3,4,8.3,2.07
971,Alex Wood,27,LAD,NL,9,7,0.563,3.68,33,27,0,0,0,0,151.2,143,70,62,14,40,5,135,8,1,2,637,107,3.53,1.207,8.5,0.8,2.4,8,3.38
972,Blake Wood,32,LAA,AL,1,0,1,2.31,13,0,1,0,0,0,11.2,8,3,3,1,7,2,10,1,0,0,47,188,4.62,1.286,6.2,0.8,5.4,7.7,1.43
973,Hunter Wood,24,TBR,AL,1,1,0.5,3.73,29,8,3,0,0,0,41,42,17,17,4,18,1,42,0,1,0,179,112,3.7,1.463,9.2,0.9,4,9.2,2.33
974,Brandon Woodruff,25,MIL,NL,3,0,1,3.61,19,4,4,0,0,1,42.1,36,18,17,4,14,0,47,2,0,1,176,115,3.3,1.181,7.7,0.9,3,10,3.36
975,Brandon Workman,29,BOS,AL,6,1,0.857,3.27,43,0,4,0,0,0,41.1,34,15,15,6,16,0,37,0,0,0,167,135,4.42,1.21,7.4,1.3,3.5,8.1,2.31
976,Kyle Wright,22,ATL,NL,0,0,,4.5,4,0,1,0,0,0,6,4,3,3,2,6,0,5,0,0,0,28,95,8.83,1.667,6,3,9,7.5,0.83
977,Mike Wright,28,BAL,AL,4,2,0.667,5.55,48,2,16,0,0,0,84.1,101,55,52,12,36,1,74,7,0,4,388,77,4.79,1.625,10.8,1.3,3.8,7.9,2.06
978,Steven Wright,33,BOS,AL,3,1,0.75,2.68,20,4,4,0,0,1,53.2,41,17,16,5,26,1,42,2,0,0,223,163,4.37,1.248,6.9,0.8,4.4,7,1.62
979,Jimmy Yacabonis,26,BAL,AL,0,2,0,5.4,12,7,0,0,0,0,40,40,25,24,8,18,1,33,5,0,4,177,79,5.84,1.45,9,1.8,4.1,7.4,1.83
980,Ryan Yarbrough,26,TBR,AL,16,6,0.727,3.91,38,6,3,0,0,0,147.1,140,70,64,18,50,6,128,8,0,1,628,106,4.19,1.29,8.6,1.1,3.1,7.8,2.56
981,Kirby Yates,31,SDP,NL,5,3,0.625,2.14,65,0,28,0,0,12,63,41,15,15,6,17,0,90,4,0,2,250,180,2.54,0.921,5.9,0.9,2.4,12.9,5.29
982,Mike Zagurski,35,MIL,NL,0,1,0,63,2,0,0,0,0,0,1,5,7,7,0,2,1,2,0,0,0,10,9,5.16,7,45,0,18,18,1
983,Daniel Zamora,25,NYM,NL,1,0,1,3,16,0,4,0,0,0,9,6,3,3,1,3,1,16,1,0,0,36,128,2.38,1,6,1,3,16,5.33
984,Rob Zastryzny,26,CHC,NL,1,0,1,4.76,6,0,2,0,0,0,5.2,6,3,3,0,4,0,3,1,0,0,26,93,4.75,1.765,9.5,0,6.4,4.8,0.75
985,Brad Ziegler,38,TOT,NL,2,6,0.25,3.91,82,0,24,0,0,10,73.2,71,34,32,8,25,6,50,2,0,1,305,99,4.31,1.303,8.7,1,3.1,6.1,2
988,Jordan Zimmermann,32,DET,AL,7,8,0.467,4.52,25,25,0,0,0,0,131.1,140,76,66,28,26,0,111,2,0,1,556,98,4.88,1.264,9.6,1.9,1.8,7.6,4.27
